cycle_no,player_id,proj_name,review_type,review_value
1,75dbe257,hideous-tinamou,proj_quality,100.0
1,89ffaeb3,humorous-tortoise,proj_quality,90.0
1,9ae522cc,depraved-malleefowl,proj_quality,85.0
1,45664623,humorous-tortoise,proj_quality,75.0
1,a4b6116a,humorous-tortoise,proj_quality,80.0
1,dcf14075,efficacious-grenadier,proj_quality,90.0
1,29f423c4,disgusted-oribi,proj_quality,85.0
1,75dbe257,lumpy-guerza,proj_quality,100.0
1,9ae522cc,lumpy-guerza,proj_quality,90.0
1,936e3168,efficacious-grenadier,proj_completeness,80.0
1,adda47cf,efficacious-grenadier,proj_completeness,100.0
1,9ae522cc,humorous-tortoise,proj_completeness,100.0
1,cbcff678,ragged-peacock,proj_completeness,100.0
1,4d87f1c5,hideous-tinamou,proj_completeness,100.0
1,adda47cf,mellow-coatimundi,proj_completeness,100.0
1,89ffaeb3,depraved-malleefowl,proj_completeness,100.0
1,070b3063,depraved-malleefowl,proj_completeness,80.0
1,cbcff678,depraved-malleefowl,proj_completeness,80.0
1,4a6f36f6,depraved-malleefowl,proj_completeness,90.0
1,396fad2d,ragged-peacock,proj_completeness,100.0
1,45664623,humorous-tortoise,proj_completeness,75.0
1,cbcff678,disgusted-oribi,proj_completeness,100.0
1,89ffaeb3,mellow-coatimundi,proj_completeness,100.0
1,4a6f36f6,lumpy-guerza,proj_completeness,90.0
1,4a6f36f6,efficacious-grenadier,proj_completeness,95.0
1,4a6f36f6,mellow-coatimundi,proj_completeness,100.0
1,90945a45,mellow-coatimundi,proj_completeness,100.0
1,936e3168,mellow-coatimundi,proj_completeness,100.0
1,b6aa9c94,lumpy-guerza,proj_completeness,100.0
1,85eb0e18,hideous-tinamou,proj_completeness,100.0
1,9ae522cc,hideous-tinamou,proj_completeness,100.0
1,45664623,ragged-peacock,proj_completeness,80.0
1,dcf14075,depraved-malleefowl,proj_completeness,80.0
1,4a6f36f6,hideous-tinamou,proj_completeness,95.0
1,396fad2d,mellow-coatimundi,proj_completeness,100.0
1,936e3168,lumpy-guerza,proj_completeness,100.0
1,75dbe257,hideous-tinamou,proj_completeness,100.0
1,89ffaeb3,disgusted-oribi,proj_completeness,70.0
1,4d87f1c5,disgusted-oribi,proj_completeness,90.0
1,89ffaeb3,hideous-tinamou,proj_completeness,100.0
1,adda47cf,lumpy-guerza,proj_completeness,100.0
1,85eb0e18,humorous-tortoise,proj_completeness,100.0
1,9ae522cc,depraved-malleefowl,proj_completeness,85.0
1,75dbe257,humorous-tortoise,proj_completeness,100.0
1,45a99283,depraved-malleefowl,proj_completeness,100.0
1,90945a45,hideous-tinamou,proj_completeness,80.0
1,85eb0e18,ragged-peacock,proj_completeness,95.0
1,070b3063,mellow-coatimundi,proj_completeness,100.0
1,adda47cf,ragged-peacock,proj_completeness,100.0
1,b6aa9c94,humorous-tortoise,proj_completeness,100.0
1,f7ba1065,depraved-malleefowl,proj_completeness,90.0
1,75dbe257,depraved-malleefowl,proj_completeness,100.0
1,45a99283,disgusted-oribi,proj_completeness,60.0
1,75dbe257,efficacious-grenadier,proj_completeness,95.0
1,9ae522cc,disgusted-oribi,proj_completeness,90.0
1,a4b6116a,ragged-peacock,proj_completeness,95.0
1,dcf14075,disgusted-oribi,proj_completeness,90.0
1,070b3063,lumpy-guerza,proj_completeness,90.0
1,4d87f1c5,mellow-coatimundi,proj_completeness,95.0
1,cbcff678,humorous-tortoise,proj_completeness,80.0
1,45a99283,humorous-tortoise,proj_completeness,100.0
1,29f423c4,lumpy-guerza,proj_completeness,85.0
1,f7ba1065,disgusted-oribi,proj_completeness,60.0
1,45664623,mellow-coatimundi,proj_completeness,85.0
1,dcf14075,lumpy-guerza,proj_completeness,80.0
1,a4b6116a,lumpy-guerza,proj_completeness,90.0
1,85eb0e18,mellow-coatimundi,proj_completeness,95.0
1,690c133a,mellow-coatimundi,proj_completeness,100.0
1,070b3063,ragged-peacock,proj_completeness,80.0
1,85eb0e18,disgusted-oribi,proj_completeness,80.0
1,a4b6116a,humorous-tortoise,proj_completeness,90.0
1,45664623,disgusted-oribi,proj_completeness,80.0
1,b6aa9c94,efficacious-grenadier,proj_completeness,92.0
1,070b3063,humorous-tortoise,proj_completeness,90.0
1,dcf14075,ragged-peacock,proj_completeness,90.0
1,b6aa9c94,disgusted-oribi,proj_completeness,65.0
1,45a99283,mellow-coatimundi,proj_completeness,80.0
1,b6aa9c94,mellow-coatimundi,proj_completeness,100.0
1,adda47cf,disgusted-oribi,proj_completeness,100.0
1,4a6f36f6,ragged-peacock,proj_completeness,95.0
1,a4b6116a,hideous-tinamou,proj_completeness,100.0
1,90945a45,ragged-peacock,proj_completeness,100.0
1,cbcff678,mellow-coatimundi,proj_completeness,100.0
1,dcf14075,mellow-coatimundi,proj_completeness,80.0
1,4d87f1c5,lumpy-guerza,proj_completeness,85.0
1,cbcff678,hideous-tinamou,proj_completeness,100.0
1,396fad2d,disgusted-oribi,proj_completeness,100.0
1,690c133a,depraved-malleefowl,proj_completeness,100.0
1,396fad2d,hideous-tinamou,proj_completeness,100.0
1,a4b6116a,mellow-coatimundi,proj_completeness,100.0
1,29f423c4,hideous-tinamou,proj_completeness,90.0
1,b6aa9c94,depraved-malleefowl,proj_completeness,95.0
1,89ffaeb3,ragged-peacock,proj_completeness,70.0
1,936e3168,hideous-tinamou,proj_completeness,70.0
1,a4b6116a,disgusted-oribi,proj_completeness,90.0
1,cbcff678,efficacious-grenadier,proj_completeness,80.0
1,b6aa9c94,ragged-peacock,proj_completeness,100.0
1,690c133a,lumpy-guerza,proj_completeness,100.0
1,29f423c4,ragged-peacock,proj_completeness,95.0
1,a4b6116a,efficacious-grenadier,proj_completeness,90.0
1,29f423c4,efficacious-grenadier,proj_completeness,90.0
1,690c133a,disgusted-oribi,proj_completeness,100.0
1,f7ba1065,ragged-peacock,proj_completeness,90.0
1,9ae522cc,efficacious-grenadier,proj_completeness,90.0
1,85eb0e18,depraved-malleefowl,proj_completeness,90.0
1,adda47cf,depraved-malleefowl,proj_completeness,100.0
1,4d87f1c5,humorous-tortoise,proj_completeness,100.0
1,936e3168,depraved-malleefowl,proj_completeness,90.0
1,75dbe257,mellow-coatimundi,proj_completeness,100.0
1,45a99283,hideous-tinamou,proj_completeness,100.0
1,f7ba1065,hideous-tinamou,proj_completeness,100.0
1,29f423c4,humorous-tortoise,proj_completeness,90.0
1,90945a45,humorous-tortoise,proj_completeness,80.0
1,89ffaeb3,efficacious-grenadier,proj_completeness,90.0
1,dcf14075,efficacious-grenadier,proj_completeness,80.0
1,f7ba1065,mellow-coatimundi,proj_completeness,100.0
1,b6aa9c94,hideous-tinamou,proj_completeness,100.0
1,dcf14075,hideous-tinamou,proj_completeness,90.0
1,90945a45,lumpy-guerza,proj_completeness,100.0
1,9ae522cc,mellow-coatimundi,proj_completeness,100.0
1,90945a45,depraved-malleefowl,proj_completeness,100.0
1,45664623,efficacious-grenadier,proj_completeness,75.0
1,45664623,hideous-tinamou,proj_completeness,100.0
1,f7ba1065,efficacious-grenadier,proj_completeness,100.0
1,75dbe257,disgusted-oribi,proj_completeness,95.0
1,070b3063,disgusted-oribi,proj_completeness,80.0
1,690c133a,efficacious-grenadier,proj_completeness,100.0
1,070b3063,efficacious-grenadier,proj_completeness,80.0
1,85eb0e18,lumpy-guerza,proj_completeness,100.0
1,690c133a,ragged-peacock,proj_completeness,100.0
1,45664623,lumpy-guerza,proj_completeness,85.0
1,4a6f36f6,disgusted-oribi,proj_completeness,70.0
1,85eb0e18,efficacious-grenadier,proj_completeness,80.0
1,9ae522cc,lumpy-guerza,proj_completeness,100.0
1,dcf14075,humorous-tortoise,proj_completeness,90.0
1,75dbe257,ragged-peacock,proj_completeness,100.0
1,936e3168,humorous-tortoise,proj_completeness,100.0
1,396fad2d,lumpy-guerza,proj_completeness,100.0
1,cbcff678,lumpy-guerza,proj_completeness,100.0
1,29f423c4,mellow-coatimundi,proj_completeness,100.0
1,75dbe257,lumpy-guerza,proj_completeness,100.0
1,45664623,depraved-malleefowl,proj_completeness,90.0
1,89ffaeb3,humorous-tortoise,proj_completeness,100.0
1,396fad2d,humorous-tortoise,proj_completeness,100.0
1,89ffaeb3,lumpy-guerza,proj_completeness,90.0
1,936e3168,ragged-peacock,proj_completeness,80.0
1,a4b6116a,depraved-malleefowl,proj_completeness,95.0
1,936e3168,disgusted-oribi,proj_completeness,70.0
1,396fad2d,efficacious-grenadier,proj_completeness,100.0
1,690c133a,humorous-tortoise,proj_completeness,100.0
1,29f423c4,depraved-malleefowl,proj_completeness,100.0
1,690c133a,hideous-tinamou,proj_completeness,100.0
1,29f423c4,disgusted-oribi,proj_completeness,70.0
1,45a99283,lumpy-guerza,proj_completeness,80.0
1,f7ba1065,lumpy-guerza,proj_completeness,90.0
1,396fad2d,depraved-malleefowl,proj_completeness,100.0
1,90945a45,efficacious-grenadier,proj_completeness,90.0
1,396fad2d,hideous-tinamou,proj_quality,100.0
1,85eb0e18,disgusted-oribi,proj_quality,75.0
1,90945a45,hideous-tinamou,proj_quality,80.0
1,690c133a,disgusted-oribi,proj_quality,100.0
1,4a6f36f6,hideous-tinamou,proj_quality,90.0
1,29f423c4,depraved-malleefowl,proj_quality,100.0
1,a4b6116a,efficacious-grenadier,proj_quality,100.0
1,90945a45,lumpy-guerza,proj_quality,80.0
1,936e3168,disgusted-oribi,proj_quality,80.0
1,45664623,ragged-peacock,proj_quality,80.0
1,936e3168,humorous-tortoise,proj_quality,90.0
1,adda47cf,depraved-malleefowl,proj_quality,100.0
1,cbcff678,hideous-tinamou,proj_quality,100.0
1,690c133a,hideous-tinamou,proj_quality,100.0
1,936e3168,depraved-malleefowl,proj_quality,80.0
1,4d87f1c5,humorous-tortoise,proj_quality,75.0
1,396fad2d,mellow-coatimundi,proj_quality,100.0
1,dcf14075,depraved-malleefowl,proj_quality,90.0
1,29f423c4,hideous-tinamou,proj_quality,90.0
1,cbcff678,mellow-coatimundi,proj_quality,100.0
1,89ffaeb3,lumpy-guerza,proj_quality,90.0
1,f7ba1065,ragged-peacock,proj_quality,76.0
1,adda47cf,efficacious-grenadier,proj_quality,100.0
1,45664623,lumpy-guerza,proj_quality,85.0
1,f7ba1065,efficacious-grenadier,proj_quality,95.0
1,936e3168,efficacious-grenadier,proj_quality,90.0
1,4d87f1c5,mellow-coatimundi,proj_quality,75.0
1,85eb0e18,humorous-tortoise,proj_quality,95.0
1,936e3168,mellow-coatimundi,proj_quality,100.0
1,cbcff678,humorous-tortoise,proj_quality,80.0
1,cbcff678,depraved-malleefowl,proj_quality,80.0
1,89ffaeb3,depraved-malleefowl,proj_quality,100.0
1,690c133a,mellow-coatimundi,proj_quality,100.0
1,a4b6116a,lumpy-guerza,proj_quality,90.0
1,45a99283,humorous-tortoise,proj_quality,100.0
1,396fad2d,efficacious-grenadier,proj_quality,100.0
1,4d87f1c5,disgusted-oribi,proj_quality,100.0
1,4d87f1c5,hideous-tinamou,proj_quality,100.0
1,4a6f36f6,mellow-coatimundi,proj_quality,95.0
1,9ae522cc,mellow-coatimundi,proj_quality,90.0
1,85eb0e18,depraved-malleefowl,proj_quality,100.0
1,29f423c4,efficacious-grenadier,proj_quality,70.0
1,85eb0e18,efficacious-grenadier,proj_quality,80.0
1,dcf14075,lumpy-guerza,proj_quality,80.0
1,070b3063,ragged-peacock,proj_quality,80.0
1,070b3063,efficacious-grenadier,proj_quality,70.0
1,070b3063,lumpy-guerza,proj_quality,90.0
1,75dbe257,ragged-peacock,proj_quality,100.0
1,b6aa9c94,ragged-peacock,proj_quality,90.0
1,396fad2d,humorous-tortoise,proj_quality,100.0
1,a4b6116a,disgusted-oribi,proj_quality,90.0
1,89ffaeb3,efficacious-grenadier,proj_quality,90.0
1,f7ba1065,mellow-coatimundi,proj_quality,95.0
1,a4b6116a,depraved-malleefowl,proj_quality,95.0
1,690c133a,efficacious-grenadier,proj_quality,100.0
1,a4b6116a,ragged-peacock,proj_quality,90.0
1,75dbe257,disgusted-oribi,proj_quality,100.0
1,9ae522cc,humorous-tortoise,proj_quality,85.0
1,adda47cf,mellow-coatimundi,proj_quality,100.0
1,cbcff678,disgusted-oribi,proj_quality,100.0
1,89ffaeb3,hideous-tinamou,proj_quality,100.0
1,4d87f1c5,lumpy-guerza,proj_quality,95.0
1,45664623,depraved-malleefowl,proj_quality,90.0
1,690c133a,humorous-tortoise,proj_quality,100.0
1,45664623,disgusted-oribi,proj_quality,80.0
1,90945a45,mellow-coatimundi,proj_quality,95.0
1,89ffaeb3,ragged-peacock,proj_quality,100.0
1,9ae522cc,efficacious-grenadier,proj_quality,85.0
1,9ae522cc,hideous-tinamou,proj_quality,90.0
1,4a6f36f6,depraved-malleefowl,proj_quality,80.0
1,90945a45,ragged-peacock,proj_quality,90.0
1,b6aa9c94,efficacious-grenadier,proj_quality,100.0
1,070b3063,disgusted-oribi,proj_quality,65.0
1,4a6f36f6,efficacious-grenadier,proj_quality,95.0
1,a4b6116a,hideous-tinamou,proj_quality,90.0
1,4a6f36f6,disgusted-oribi,proj_quality,65.0
1,690c133a,ragged-peacock,proj_quality,100.0
1,29f423c4,ragged-peacock,proj_quality,85.0
1,dcf14075,disgusted-oribi,proj_quality,80.0
1,cbcff678,ragged-peacock,proj_quality,100.0
1,45a99283,lumpy-guerza,proj_quality,90.0
1,89ffaeb3,disgusted-oribi,proj_quality,70.0
1,f7ba1065,hideous-tinamou,proj_quality,100.0
1,690c133a,lumpy-guerza,proj_quality,100.0
1,396fad2d,ragged-peacock,proj_quality,100.0
1,45664623,efficacious-grenadier,proj_quality,75.0
1,cbcff678,lumpy-guerza,proj_quality,80.0
1,45a99283,mellow-coatimundi,proj_quality,80.0
1,b6aa9c94,humorous-tortoise,proj_quality,100.0
1,89ffaeb3,mellow-coatimundi,proj_quality,100.0
1,b6aa9c94,disgusted-oribi,proj_quality,85.0
1,45a99283,disgusted-oribi,proj_quality,70.0
1,85eb0e18,hideous-tinamou,proj_quality,100.0
1,45664623,hideous-tinamou,proj_quality,100.0
1,adda47cf,disgusted-oribi,proj_quality,100.0
1,9ae522cc,disgusted-oribi,proj_quality,80.0
1,90945a45,efficacious-grenadier,proj_quality,90.0
1,4a6f36f6,ragged-peacock,proj_quality,90.0
1,90945a45,humorous-tortoise,proj_quality,80.0
1,b6aa9c94,hideous-tinamou,proj_quality,100.0
1,b6aa9c94,mellow-coatimundi,proj_quality,100.0
1,cbcff678,efficacious-grenadier,proj_quality,90.0
1,dcf14075,ragged-peacock,proj_quality,90.0
1,dcf14075,humorous-tortoise,proj_quality,80.0
1,396fad2d,depraved-malleefowl,proj_quality,100.0
1,4a6f36f6,lumpy-guerza,proj_quality,75.0
1,adda47cf,ragged-peacock,proj_quality,100.0
1,070b3063,mellow-coatimundi,proj_quality,85.0
1,f7ba1065,depraved-malleefowl,proj_quality,90.0
1,85eb0e18,ragged-peacock,proj_quality,95.0
1,75dbe257,depraved-malleefowl,proj_quality,100.0
1,a4b6116a,mellow-coatimundi,proj_quality,100.0
1,f7ba1065,lumpy-guerza,proj_quality,75.0
1,85eb0e18,lumpy-guerza,proj_quality,90.0
1,dcf14075,mellow-coatimundi,proj_quality,90.0
1,b6aa9c94,lumpy-guerza,proj_quality,100.0
1,85eb0e18,mellow-coatimundi,proj_quality,95.0
1,29f423c4,humorous-tortoise,proj_quality,75.0
1,070b3063,depraved-malleefowl,proj_quality,45.0
1,adda47cf,lumpy-guerza,proj_quality,100.0
1,936e3168,hideous-tinamou,proj_quality,90.0
1,75dbe257,mellow-coatimundi,proj_quality,100.0
1,070b3063,humorous-tortoise,proj_quality,85.0
1,396fad2d,lumpy-guerza,proj_quality,100.0
1,29f423c4,lumpy-guerza,proj_quality,80.0
1,396fad2d,disgusted-oribi,proj_quality,100.0
1,75dbe257,humorous-tortoise,proj_quality,80.0
1,936e3168,lumpy-guerza,proj_quality,95.0
1,75dbe257,efficacious-grenadier,proj_quality,100.0
1,45a99283,depraved-malleefowl,proj_quality,40.0
1,90945a45,depraved-malleefowl,proj_quality,75.0
1,690c133a,depraved-malleefowl,proj_quality,100.0
1,29f423c4,mellow-coatimundi,proj_quality,90.0
1,45664623,mellow-coatimundi,proj_quality,85.0
1,f7ba1065,disgusted-oribi,proj_quality,70.0
1,936e3168,ragged-peacock,proj_quality,90.0
1,45a99283,hideous-tinamou,proj_quality,100.0
1,b6aa9c94,depraved-malleefowl,proj_quality,100.0
1,dcf14075,hideous-tinamou,proj_quality,80.0
2,29f423c4,cagey-lapwing,proj_completeness,55.0
2,4a6f36f6,cagey-lapwing,proj_completeness,50.0
2,90945a45,measly-parakeet,proj_completeness,70.0
2,070b3063,giant-viper,proj_completeness,75.0
2,9ae522cc,clumsy-quail,proj_completeness,50.0
2,070b3063,cagey-lapwing,proj_completeness,70.0
2,396fad2d,giant-viper,proj_completeness,80.0
2,690c133a,cagey-lapwing,proj_completeness,60.0
2,690c133a,absorbing-hedgehog,proj_completeness,60.0
2,cbcff678,clumsy-quail,proj_completeness,33.0
2,936e3168,unusual-woodpecker,proj_completeness,10.0
2,4a6f36f6,giant-viper,proj_completeness,83.0
2,cbcff678,cagey-lapwing,proj_completeness,42.0
2,75dbe257,measly-parakeet,proj_completeness,75.0
2,396fad2d,unusual-woodpecker,proj_completeness,50.0
2,dcf14075,measly-parakeet,proj_completeness,70.0
2,adda47cf,unusual-woodpecker,proj_completeness,80.0
2,4a6f36f6,measly-parakeet,proj_completeness,87.0
2,b6aa9c94,giant-viper,proj_completeness,50.0
2,936e3168,cagey-lapwing,proj_completeness,55.0
2,4a6f36f6,clumsy-quail,proj_completeness,40.0
2,45664623,absorbing-hedgehog,proj_quality,85.0
2,29f423c4,clumsy-quail,proj_quality,65.0
2,cbcff678,measly-parakeet,proj_quality,85.0
2,90945a45,unusual-woodpecker,proj_quality,10.0
2,4a6f36f6,giant-viper,proj_quality,95.0
2,85eb0e18,absorbing-hedgehog,proj_quality,90.0
2,9ae522cc,giant-viper,proj_quality,90.0
2,45664623,unusual-woodpecker,proj_quality,70.0
2,adda47cf,giant-viper,proj_quality,90.0
2,45a99283,clumsy-quail,proj_quality,80.0
2,85eb0e18,measly-parakeet,proj_quality,95.0
2,dcf14075,giant-viper,proj_quality,50.0
2,070b3063,giant-viper,proj_quality,70.0
2,4a6f36f6,measly-parakeet,proj_quality,87.0
2,070b3063,measly-parakeet,proj_completeness,55.0
2,adda47cf,giant-viper,proj_completeness,80.0
2,f7ba1065,absorbing-hedgehog,proj_completeness,55.0
2,070b3063,absorbing-hedgehog,proj_completeness,25.0
2,adda47cf,measly-parakeet,proj_completeness,80.0
2,f7ba1065,measly-parakeet,proj_completeness,90.0
2,936e3168,clumsy-quail,proj_completeness,40.0
2,45a99283,measly-parakeet,proj_completeness,80.0
2,29f423c4,giant-viper,proj_completeness,65.0
2,4d87f1c5,absorbing-hedgehog,proj_completeness,75.0
2,85eb0e18,clumsy-quail,proj_completeness,40.0
2,85eb0e18,measly-parakeet,proj_completeness,80.0
2,cbcff678,measly-parakeet,proj_completeness,90.0
2,690c133a,clumsy-quail,proj_completeness,50.0
2,4d87f1c5,unusual-woodpecker,proj_completeness,15.0
2,936e3168,giant-viper,proj_completeness,50.0
2,75dbe257,absorbing-hedgehog,proj_completeness,60.0
2,cbcff678,absorbing-hedgehog,proj_completeness,62.0
2,936e3168,measly-parakeet,proj_completeness,80.0
2,cbcff678,giant-viper,proj_completeness,75.0
2,4d87f1c5,cagey-lapwing,proj_completeness,67.0
2,45664623,measly-parakeet,proj_completeness,90.0
2,070b3063,unusual-woodpecker,proj_completeness,10.0
2,4a6f36f6,absorbing-hedgehog,proj_completeness,67.0
2,45664623,absorbing-hedgehog,proj_completeness,80.0
2,4d87f1c5,giant-viper,proj_completeness,85.0
2,89ffaeb3,clumsy-quail,proj_completeness,90.0
2,45a99283,clumsy-quail,proj_completeness,40.0
2,45a99283,absorbing-hedgehog,proj_completeness,45.0
2,75dbe257,cagey-lapwing,proj_completeness,45.0
2,396fad2d,clumsy-quail,proj_completeness,88.0
2,adda47cf,absorbing-hedgehog,proj_completeness,54.0
2,90945a45,clumsy-quail,proj_completeness,50.0
2,adda47cf,unusual-woodpecker,proj_quality,80.0
2,f7ba1065,measly-parakeet,proj_quality,60.0
2,b6aa9c94,cagey-lapwing,proj_quality,35.0
2,b6aa9c94,unusual-woodpecker,proj_quality,35.0
2,070b3063,unusual-woodpecker,proj_quality,20.0
2,45a99283,measly-parakeet,proj_quality,70.0
2,9ae522cc,cagey-lapwing,proj_quality,80.0
2,936e3168,clumsy-quail,proj_quality,70.0
2,dcf14075,cagey-lapwing,proj_quality,50.0
2,45a99283,unusual-woodpecker,proj_quality,35.0
2,396fad2d,measly-parakeet,proj_quality,88.0
2,690c133a,unusual-woodpecker,proj_quality,80.0
2,4d87f1c5,unusual-woodpecker,proj_quality,50.0
2,690c133a,measly-parakeet,proj_quality,60.0
2,90945a45,absorbing-hedgehog,proj_quality,85.0
2,dcf14075,measly-parakeet,proj_quality,60.0
2,690c133a,cagey-lapwing,proj_quality,70.0
2,4d87f1c5,clumsy-quail,proj_quality,70.0
2,29f423c4,giant-viper,proj_quality,90.0
2,396fad2d,unusual-woodpecker,proj_quality,70.0
2,4d87f1c5,giant-viper,proj_quality,90.0
2,cbcff678,absorbing-hedgehog,proj_quality,80.0
2,396fad2d,absorbing-hedgehog,proj_quality,88.0
2,dcf14075,absorbing-hedgehog,proj_quality,30.0
2,936e3168,giant-viper,proj_quality,50.0
2,f7ba1065,giant-viper,proj_quality,85.0
2,85eb0e18,unusual-woodpecker,proj_quality,25.0
2,45a99283,absorbing-hedgehog,proj_quality,60.0
2,adda47cf,measly-parakeet,proj_quality,100.0
2,75dbe257,giant-viper,proj_quality,90.0
2,936e3168,unusual-woodpecker,proj_quality,30.0
2,45a99283,cagey-lapwing,proj_quality,90.0
2,4d87f1c5,cagey-lapwing,proj_quality,80.0
2,f7ba1065,absorbing-hedgehog,proj_quality,60.0
2,070b3063,absorbing-hedgehog,proj_quality,40.0
2,936e3168,measly-parakeet,proj_quality,90.0
2,396fad2d,giant-viper,proj_quality,90.0
2,45a99283,giant-viper,proj_quality,75.0
2,75dbe257,cagey-lapwing,proj_quality,85.0
2,90945a45,clumsy-quail,proj_quality,85.0
2,90945a45,cagey-lapwing,proj_quality,85.0
2,dcf14075,unusual-woodpecker,proj_quality,20.0
2,45664623,clumsy-quail,proj_quality,80.0
2,b6aa9c94,giant-viper,proj_quality,45.0
2,90945a45,giant-viper,proj_quality,90.0
2,4a6f36f6,cagey-lapwing,proj_quality,85.0
2,85eb0e18,giant-viper,proj_quality,90.0
2,dcf14075,clumsy-quail,proj_quality,50.0
2,b6aa9c94,measly-parakeet,proj_quality,65.0
2,90945a45,measly-parakeet,proj_quality,80.0
2,adda47cf,clumsy-quail,proj_quality,70.0
2,396fad2d,clumsy-quail,proj_quality,83.0
2,690c133a,giant-viper,proj_quality,60.0
2,cbcff678,cagey-lapwing,proj_quality,80.0
2,4a6f36f6,clumsy-quail,proj_quality,70.0
2,89ffaeb3,clumsy-quail,proj_quality,100.0
2,75dbe257,absorbing-hedgehog,proj_quality,85.0
2,75dbe257,unusual-woodpecker,proj_quality,100.0
2,690c133a,clumsy-quail,proj_quality,50.0
2,29f423c4,absorbing-hedgehog,proj_quality,80.0
2,adda47cf,cagey-lapwing,proj_quality,80.0
2,070b3063,cagey-lapwing,proj_quality,65.0
2,29f423c4,unusual-woodpecker,proj_quality,45.0
2,cbcff678,giant-viper,proj_quality,100.0
2,45664623,cagey-lapwing,proj_completeness,70.0
2,690c133a,giant-viper,proj_completeness,100.0
2,85eb0e18,cagey-lapwing,proj_completeness,50.0
2,9ae522cc,cagey-lapwing,proj_completeness,70.0
2,90945a45,giant-viper,proj_completeness,65.0
2,75dbe257,clumsy-quail,proj_completeness,35.0
2,29f423c4,clumsy-quail,proj_completeness,45.0
2,45a99283,cagey-lapwing,proj_completeness,50.0
2,adda47cf,clumsy-quail,proj_completeness,50.0
2,690c133a,unusual-woodpecker,proj_completeness,50.0
2,690c133a,measly-parakeet,proj_completeness,60.0
2,070b3063,clumsy-quail,proj_completeness,25.0
2,45664623,clumsy-quail,proj_completeness,80.0
2,9ae522cc,absorbing-hedgehog,proj_completeness,70.0
2,b6aa9c94,unusual-woodpecker,proj_completeness,25.0
2,29f423c4,unusual-woodpecker,proj_completeness,40.0
2,89ffaeb3,absorbing-hedgehog,proj_completeness,80.0
2,f7ba1065,giant-viper,proj_completeness,55.0
2,b6aa9c94,cagey-lapwing,proj_completeness,42.0
2,90945a45,unusual-woodpecker,proj_completeness,30.0
2,29f423c4,measly-parakeet,proj_completeness,55.0
2,75dbe257,measly-parakeet,proj_quality,85.0
2,f7ba1065,cagey-lapwing,proj_quality,70.0
2,45664623,measly-parakeet,proj_quality,95.0
2,f7ba1065,clumsy-quail,proj_quality,75.0
2,29f423c4,cagey-lapwing,proj_quality,75.0
2,cbcff678,clumsy-quail,proj_quality,75.0
2,45664623,cagey-lapwing,proj_quality,75.0
2,89ffaeb3,absorbing-hedgehog,proj_quality,100.0
2,b6aa9c94,clumsy-quail,proj_quality,60.0
2,85eb0e18,cagey-lapwing,proj_quality,90.0
2,75dbe257,clumsy-quail,proj_quality,65.0
2,690c133a,absorbing-hedgehog,proj_quality,100.0
2,45664623,giant-viper,proj_quality,80.0
2,adda47cf,absorbing-hedgehog,proj_quality,90.0
2,85eb0e18,clumsy-quail,proj_quality,50.0
2,4a6f36f6,absorbing-hedgehog,proj_quality,76.0
2,9ae522cc,clumsy-quail,proj_quality,90.0
2,070b3063,measly-parakeet,proj_quality,45.0
2,070b3063,clumsy-quail,proj_quality,35.0
2,4d87f1c5,measly-parakeet,proj_quality,85.0
2,396fad2d,cagey-lapwing,proj_quality,80.0
2,b6aa9c94,absorbing-hedgehog,proj_quality,40.0
2,cbcff678,unusual-woodpecker,proj_quality,20.0
2,9ae522cc,measly-parakeet,proj_quality,90.0
2,29f423c4,measly-parakeet,proj_quality,75.0
2,4d87f1c5,absorbing-hedgehog,proj_quality,85.0
2,4a6f36f6,unusual-woodpecker,proj_quality,30.0
2,936e3168,cagey-lapwing,proj_quality,70.0
2,9ae522cc,absorbing-hedgehog,proj_quality,80.0
2,90945a45,absorbing-hedgehog,proj_completeness,55.0
2,b6aa9c94,measly-parakeet,proj_completeness,55.0
2,396fad2d,measly-parakeet,proj_completeness,88.0
2,45664623,giant-viper,proj_completeness,80.0
2,75dbe257,giant-viper,proj_completeness,50.0
2,cbcff678,unusual-woodpecker,proj_completeness,20.0
2,f7ba1065,cagey-lapwing,proj_completeness,70.0
2,396fad2d,absorbing-hedgehog,proj_completeness,88.0
2,dcf14075,giant-viper,proj_completeness,50.0
2,85eb0e18,absorbing-hedgehog,proj_completeness,65.0
2,45a99283,giant-viper,proj_completeness,60.0
2,45664623,unusual-woodpecker,proj_completeness,70.0
2,45a99283,unusual-woodpecker,proj_completeness,25.0
2,dcf14075,cagey-lapwing,proj_completeness,40.0
2,4a6f36f6,unusual-woodpecker,proj_completeness,20.0
2,4d87f1c5,clumsy-quail,proj_completeness,75.0
2,dcf14075,unusual-woodpecker,proj_completeness,20.0
2,adda47cf,cagey-lapwing,proj_completeness,70.0
2,b6aa9c94,clumsy-quail,proj_completeness,42.0
2,b6aa9c94,absorbing-hedgehog,proj_completeness,38.0
2,9ae522cc,giant-viper,proj_completeness,50.0
2,85eb0e18,giant-viper,proj_completeness,75.0
2,dcf14075,absorbing-hedgehog,proj_completeness,50.0
2,90945a45,cagey-lapwing,proj_completeness,60.0
2,f7ba1065,clumsy-quail,proj_completeness,75.0
2,9ae522cc,measly-parakeet,proj_completeness,70.0
2,29f423c4,absorbing-hedgehog,proj_completeness,55.0
2,dcf14075,clumsy-quail,proj_completeness,30.0
2,396fad2d,cagey-lapwing,proj_completeness,80.0
2,4d87f1c5,measly-parakeet,proj_completeness,85.0
2,85eb0e18,unusual-woodpecker,proj_completeness,20.0
2,75dbe257,unusual-woodpecker,proj_completeness,0.0
3,396fad2d,dazzling-white-eye,proj_completeness,99.0
3,29f423c4,quick-curlew,proj_completeness,90.0
3,4a6f36f6,dazzling-white-eye,proj_completeness,98.0
3,396fad2d,wiggly-jacana,proj_completeness,90.0
3,adda47cf,wiggly-jacana,proj_completeness,95.0
3,45664623,dazzling-white-eye,proj_completeness,88.0
3,9ae522cc,dazzling-white-eye,proj_completeness,100.0
3,f7ba1065,terrific-crake,proj_completeness,100.0
3,070b3063,dazzling-white-eye,proj_completeness,85.0
3,89ffaeb3,quick-curlew,proj_completeness,90.0
3,f7ba1065,wiggly-jacana,proj_completeness,80.0
3,85eb0e18,instinctive-nyala,proj_completeness,75.0
3,f7ba1065,quick-curlew,proj_completeness,90.0
3,adda47cf,cluttered-partridge,proj_completeness,95.0
3,89ffaeb3,cluttered-partridge,proj_completeness,80.0
3,89ffaeb3,instinctive-nyala,proj_completeness,80.0
3,cbcff678,wiggly-jacana,proj_completeness,90.0
3,936e3168,wiggly-jacana,proj_completeness,90.0
3,75dbe257,tested-serval,proj_completeness,90.0
3,4a6f36f6,wiggly-jacana,proj_completeness,87.0
3,75dbe257,instinctive-nyala,proj_completeness,67.0
3,9ae522cc,wiggly-jacana,proj_completeness,80.0
3,29f423c4,tested-serval,proj_completeness,85.0
3,75dbe257,wiggly-jacana,proj_completeness,90.0
3,b6aa9c94,instinctive-nyala,proj_completeness,83.0
3,b6aa9c94,tested-serval,proj_completeness,65.0
3,4a6f36f6,terrific-crake,proj_completeness,100.0
3,85eb0e18,tested-serval,proj_completeness,70.0
3,b6aa9c94,dazzling-white-eye,proj_completeness,75.0
3,4a6f36f6,tested-serval,proj_completeness,80.0
3,396fad2d,terrific-crake,proj_completeness,100.0
3,75dbe257,quick-curlew,proj_completeness,100.0
3,396fad2d,cluttered-partridge,proj_completeness,98.0
3,45a99283,tested-serval,proj_completeness,70.0
3,89ffaeb3,tested-serval,proj_completeness,80.0
3,75dbe257,terrific-crake,proj_completeness,100.0
3,dcf14075,cluttered-partridge,proj_completeness,95.0
3,b6aa9c94,terrific-crake,proj_completeness,100.0
3,dcf14075,terrific-crake,proj_completeness,100.0
3,f7ba1065,tested-serval,proj_completeness,85.0
3,45a99283,dazzling-white-eye,proj_completeness,80.0
3,45a99283,instinctive-nyala,proj_completeness,70.0
3,f7ba1065,instinctive-nyala,proj_completeness,78.0
3,690c133a,terrific-crake,proj_completeness,100.0
3,9ae522cc,instinctive-nyala,proj_completeness,75.0
3,89ffaeb3,dazzling-white-eye,proj_completeness,95.0
3,90945a45,cluttered-partridge,proj_completeness,95.0
3,690c133a,instinctive-nyala,proj_completeness,90.0
3,45664623,instinctive-nyala,proj_completeness,85.0
3,936e3168,instinctive-nyala,proj_completeness,65.0
3,45664623,quick-curlew,proj_completeness,86.0
3,89ffaeb3,terrific-crake,proj_completeness,100.0
3,4a6f36f6,quick-curlew,proj_completeness,87.0
3,cbcff678,cluttered-partridge,proj_completeness,75.0
3,936e3168,tested-serval,proj_completeness,85.0
3,936e3168,terrific-crake,proj_completeness,100.0
3,cbcff678,quick-curlew,proj_completeness,80.0
3,75dbe257,cluttered-partridge,proj_completeness,100.0
3,dcf14075,wiggly-jacana,proj_completeness,90.0
3,90945a45,dazzling-white-eye,proj_completeness,100.0
3,85eb0e18,cluttered-partridge,proj_completeness,60.0
3,396fad2d,tested-serval,proj_completeness,89.0
3,9ae522cc,tested-serval,proj_completeness,80.0
3,adda47cf,quick-curlew,proj_completeness,100.0
3,45a99283,quick-curlew,proj_completeness,75.0
3,45664623,terrific-crake,proj_completeness,90.0
3,936e3168,cluttered-partridge,proj_completeness,75.0
3,4d87f1c5,quick-curlew,proj_completeness,75.0
3,690c133a,tested-serval,proj_completeness,80.0
3,85eb0e18,quick-curlew,proj_completeness,95.0
3,adda47cf,dazzling-white-eye,proj_completeness,100.0
3,cbcff678,tested-serval,proj_completeness,85.0
3,45a99283,cluttered-partridge,proj_completeness,70.0
3,cbcff678,terrific-crake,proj_completeness,100.0
3,adda47cf,instinctive-nyala,proj_completeness,65.0
3,070b3063,tested-serval,proj_completeness,85.0
3,070b3063,quick-curlew,proj_completeness,90.0
3,90945a45,quick-curlew,proj_completeness,70.0
3,4d87f1c5,dazzling-white-eye,proj_completeness,95.0
3,4a6f36f6,cluttered-partridge,proj_completeness,90.0
3,90945a45,terrific-crake,proj_completeness,100.0
3,90945a45,instinctive-nyala,proj_completeness,75.0
3,936e3168,quick-curlew,proj_completeness,80.0
3,9ae522cc,cluttered-partridge,proj_completeness,95.0
3,85eb0e18,terrific-crake,proj_completeness,100.0
3,070b3063,cluttered-partridge,proj_completeness,80.0
3,dcf14075,quick-curlew,proj_completeness,90.0
3,cbcff678,instinctive-nyala,proj_completeness,65.0
3,4d87f1c5,instinctive-nyala,proj_completeness,78.0
3,dcf14075,tested-serval,proj_completeness,70.0
3,45a99283,terrific-crake,proj_completeness,100.0
3,29f423c4,instinctive-nyala,proj_completeness,85.0
3,29f423c4,terrific-crake,proj_completeness,100.0
3,4d87f1c5,wiggly-jacana,proj_completeness,90.0
3,690c133a,wiggly-jacana,proj_completeness,90.0
3,396fad2d,quick-curlew,proj_completeness,90.0
3,f7ba1065,dazzling-white-eye,proj_completeness,100.0
3,adda47cf,terrific-crake,proj_completeness,100.0
3,4a6f36f6,instinctive-nyala,proj_completeness,70.0
3,85eb0e18,wiggly-jacana,proj_completeness,75.0
3,936e3168,dazzling-white-eye,proj_completeness,90.0
3,690c133a,cluttered-partridge,proj_completeness,90.0
3,45664623,wiggly-jacana,proj_completeness,85.0
3,75dbe257,dazzling-white-eye,proj_completeness,100.0
3,4d87f1c5,tested-serval,proj_completeness,85.0
3,070b3063,terrific-crake,proj_completeness,100.0
3,690c133a,quick-curlew,proj_completeness,90.0
3,9ae522cc,terrific-crake,proj_completeness,100.0
3,29f423c4,wiggly-jacana,proj_completeness,75.0
3,90945a45,tested-serval,proj_completeness,70.0
3,4d87f1c5,terrific-crake,proj_completeness,100.0
3,adda47cf,tested-serval,proj_completeness,100.0
3,cbcff678,dazzling-white-eye,proj_completeness,90.0
3,b6aa9c94,cluttered-partridge,proj_completeness,100.0
3,45a99283,wiggly-jacana,proj_completeness,70.0
3,f7ba1065,cluttered-partridge,proj_completeness,85.0
3,690c133a,dazzling-white-eye,proj_completeness,90.0
3,4d87f1c5,cluttered-partridge,proj_completeness,90.0
3,b6aa9c94,wiggly-jacana,proj_completeness,75.0
3,29f423c4,cluttered-partridge,proj_completeness,90.0
3,90945a45,wiggly-jacana,proj_completeness,100.0
3,dcf14075,dazzling-white-eye,proj_completeness,80.0
3,9ae522cc,quick-curlew,proj_completeness,90.0
3,85eb0e18,dazzling-white-eye,proj_completeness,90.0
3,b6aa9c94,quick-curlew,proj_completeness,90.0
3,dcf14075,instinctive-nyala,proj_completeness,75.0
3,396fad2d,instinctive-nyala,proj_completeness,90.0
3,29f423c4,dazzling-white-eye,proj_completeness,85.0
3,45a99283,quick-curlew,proj_quality,60.0
3,dcf14075,instinctive-nyala,proj_quality,70.0
3,4a6f36f6,dazzling-white-eye,proj_quality,95.0
3,45a99283,cluttered-partridge,proj_quality,50.0
3,936e3168,instinctive-nyala,proj_quality,70.0
3,4d87f1c5,wiggly-jacana,proj_quality,80.0
3,cbcff678,wiggly-jacana,proj_quality,90.0
3,396fad2d,wiggly-jacana,proj_quality,89.0
3,dcf14075,dazzling-white-eye,proj_quality,60.0
3,85eb0e18,dazzling-white-eye,proj_quality,70.0
3,45664623,quick-curlew,proj_quality,85.0
3,29f423c4,quick-curlew,proj_quality,85.0
3,cbcff678,tested-serval,proj_quality,90.0
3,85eb0e18,tested-serval,proj_quality,80.0
3,070b3063,tested-serval,proj_quality,75.0
3,4d87f1c5,instinctive-nyala,proj_quality,85.0
3,dcf14075,quick-curlew,proj_quality,80.0
3,690c133a,dazzling-white-eye,proj_quality,90.0
3,690c133a,instinctive-nyala,proj_quality,90.0
3,adda47cf,wiggly-jacana,proj_quality,100.0
3,4d87f1c5,cluttered-partridge,proj_quality,85.0
3,dcf14075,cluttered-partridge,proj_quality,90.0
3,396fad2d,instinctive-nyala,proj_quality,90.0
3,4d87f1c5,terrific-crake,proj_quality,91.0
3,85eb0e18,wiggly-jacana,proj_quality,70.0
3,4a6f36f6,cluttered-partridge,proj_quality,90.0
3,45a99283,instinctive-nyala,proj_quality,80.0
3,9ae522cc,quick-curlew,proj_quality,90.0
3,75dbe257,wiggly-jacana,proj_quality,100.0
3,dcf14075,tested-serval,proj_quality,40.0
3,85eb0e18,instinctive-nyala,proj_quality,100.0
3,396fad2d,dazzling-white-eye,proj_quality,98.0
3,adda47cf,quick-curlew,proj_quality,100.0
3,adda47cf,instinctive-nyala,proj_quality,95.0
3,89ffaeb3,quick-curlew,proj_quality,95.0
3,dcf14075,terrific-crake,proj_quality,90.0
3,4d87f1c5,dazzling-white-eye,proj_quality,85.0
3,cbcff678,dazzling-white-eye,proj_quality,60.0
3,4a6f36f6,instinctive-nyala,proj_quality,73.0
3,90945a45,tested-serval,proj_quality,70.0
3,936e3168,quick-curlew,proj_quality,100.0
3,45a99283,wiggly-jacana,proj_quality,50.0
3,f7ba1065,terrific-crake,proj_quality,100.0
3,75dbe257,cluttered-partridge,proj_quality,100.0
3,b6aa9c94,tested-serval,proj_quality,80.0
3,b6aa9c94,cluttered-partridge,proj_quality,90.0
3,29f423c4,tested-serval,proj_quality,88.0
3,936e3168,wiggly-jacana,proj_quality,80.0
3,4a6f36f6,terrific-crake,proj_quality,98.0
3,85eb0e18,quick-curlew,proj_quality,95.0
3,89ffaeb3,cluttered-partridge,proj_quality,90.0
3,690c133a,wiggly-jacana,proj_quality,90.0
3,936e3168,cluttered-partridge,proj_quality,80.0
3,f7ba1065,cluttered-partridge,proj_quality,85.0
3,4a6f36f6,tested-serval,proj_quality,70.0
3,690c133a,cluttered-partridge,proj_quality,90.0
3,29f423c4,dazzling-white-eye,proj_quality,90.0
3,90945a45,wiggly-jacana,proj_quality,85.0
3,29f423c4,instinctive-nyala,proj_quality,88.0
3,90945a45,instinctive-nyala,proj_quality,90.0
3,cbcff678,instinctive-nyala,proj_quality,70.0
3,f7ba1065,dazzling-white-eye,proj_quality,80.0
3,f7ba1065,tested-serval,proj_quality,90.0
3,396fad2d,tested-serval,proj_quality,88.0
3,b6aa9c94,instinctive-nyala,proj_quality,85.0
3,070b3063,quick-curlew,proj_quality,80.0
3,396fad2d,terrific-crake,proj_quality,98.0
3,b6aa9c94,terrific-crake,proj_quality,100.0
3,90945a45,dazzling-white-eye,proj_quality,95.0
3,f7ba1065,wiggly-jacana,proj_quality,95.0
3,4a6f36f6,quick-curlew,proj_quality,93.0
3,75dbe257,terrific-crake,proj_quality,100.0
3,45a99283,tested-serval,proj_quality,70.0
3,396fad2d,quick-curlew,proj_quality,90.0
3,4d87f1c5,tested-serval,proj_quality,89.0
3,690c133a,terrific-crake,proj_quality,100.0
3,9ae522cc,dazzling-white-eye,proj_quality,80.0
3,29f423c4,wiggly-jacana,proj_quality,85.0
3,cbcff678,quick-curlew,proj_quality,100.0
3,9ae522cc,wiggly-jacana,proj_quality,90.0
3,75dbe257,tested-serval,proj_quality,100.0
3,690c133a,quick-curlew,proj_quality,100.0
3,89ffaeb3,instinctive-nyala,proj_quality,95.0
3,89ffaeb3,dazzling-white-eye,proj_quality,99.0
3,89ffaeb3,tested-serval,proj_quality,90.0
3,90945a45,cluttered-partridge,proj_quality,90.0
3,936e3168,tested-serval,proj_quality,90.0
3,45664623,terrific-crake,proj_quality,90.0
3,070b3063,cluttered-partridge,proj_quality,65.0
3,f7ba1065,instinctive-nyala,proj_quality,70.0
3,90945a45,quick-curlew,proj_quality,85.0
3,75dbe257,instinctive-nyala,proj_quality,90.0
3,89ffaeb3,terrific-crake,proj_quality,100.0
3,45664623,instinctive-nyala,proj_quality,85.0
3,45a99283,terrific-crake,proj_quality,100.0
3,75dbe257,quick-curlew,proj_quality,100.0
3,690c133a,tested-serval,proj_quality,100.0
3,9ae522cc,instinctive-nyala,proj_quality,100.0
3,9ae522cc,tested-serval,proj_quality,80.0
3,b6aa9c94,wiggly-jacana,proj_quality,75.0
3,adda47cf,cluttered-partridge,proj_quality,100.0
3,dcf14075,wiggly-jacana,proj_quality,70.0
3,936e3168,terrific-crake,proj_quality,100.0
3,b6aa9c94,dazzling-white-eye,proj_quality,90.0
3,90945a45,terrific-crake,proj_quality,100.0
3,cbcff678,cluttered-partridge,proj_quality,80.0
3,9ae522cc,cluttered-partridge,proj_quality,90.0
3,85eb0e18,cluttered-partridge,proj_quality,70.0
3,070b3063,dazzling-white-eye,proj_quality,70.0
3,adda47cf,tested-serval,proj_quality,100.0
3,45664623,dazzling-white-eye,proj_quality,87.0
3,9ae522cc,terrific-crake,proj_quality,100.0
3,396fad2d,cluttered-partridge,proj_quality,96.0
3,75dbe257,dazzling-white-eye,proj_quality,100.0
3,cbcff678,terrific-crake,proj_quality,100.0
3,070b3063,terrific-crake,proj_quality,80.0
3,936e3168,dazzling-white-eye,proj_quality,60.0
3,45664623,wiggly-jacana,proj_quality,85.0
3,4a6f36f6,wiggly-jacana,proj_quality,80.0
3,29f423c4,cluttered-partridge,proj_quality,90.0
3,adda47cf,terrific-crake,proj_quality,100.0
3,45a99283,dazzling-white-eye,proj_quality,60.0
3,85eb0e18,terrific-crake,proj_quality,100.0
3,4d87f1c5,quick-curlew,proj_quality,95.0
3,29f423c4,terrific-crake,proj_quality,90.0
3,f7ba1065,quick-curlew,proj_quality,95.0
3,b6aa9c94,quick-curlew,proj_quality,93.0
3,adda47cf,dazzling-white-eye,proj_quality,95.0
4,90945a45,husky-blackbuck,proj_completeness,100.0
4,936e3168,witty-trumpeter,proj_completeness,100.0
4,45a99283,callous-kookaburra,proj_completeness,70.0
4,b6aa9c94,callous-kookaburra,proj_completeness,90.0
4,4d87f1c5,steady-bison,proj_completeness,75.0
4,29f423c4,domineering-gulls,proj_completeness,88.0
4,4d87f1c5,witty-trumpeter,proj_completeness,100.0
4,89ffaeb3,apprehensive-goose,proj_completeness,100.0
4,f7ba1065,callous-kookaburra,proj_completeness,75.0
4,45a99283,domineering-gulls,proj_completeness,70.0
4,75dbe257,domineering-gulls,proj_completeness,90.0
4,45664623,steady-bison,proj_completeness,78.0
4,90945a45,earsplitting-waterbuck,proj_completeness,90.0
4,75dbe257,overt-hen,proj_completeness,95.0
4,dcf14075,callous-kookaburra,proj_completeness,70.0
4,4d87f1c5,husky-blackbuck,proj_completeness,100.0
4,89ffaeb3,overt-hen,proj_completeness,100.0
4,75dbe257,earsplitting-waterbuck,proj_completeness,100.0
4,9ae522cc,witty-trumpeter,proj_completeness,100.0
4,4a6f36f6,callous-kookaburra,proj_completeness,73.0
4,b6aa9c94,steady-bison,proj_completeness,90.0
4,89ffaeb3,steady-bison,proj_completeness,60.0
4,b6aa9c94,overt-hen,proj_completeness,100.0
4,dcf14075,apprehensive-goose,proj_completeness,90.0
4,f7ba1065,husky-blackbuck,proj_completeness,100.0
4,b6aa9c94,earsplitting-waterbuck,proj_completeness,100.0
4,936e3168,earsplitting-waterbuck,proj_completeness,100.0
4,690c133a,earsplitting-waterbuck,proj_completeness,70.0
4,070b3063,domineering-gulls,proj_completeness,85.0
4,75dbe257,steady-bison,proj_completeness,65.0
4,89ffaeb3,witty-trumpeter,proj_completeness,100.0
4,070b3063,steady-bison,proj_completeness,70.0
4,75dbe257,apprehensive-goose,proj_completeness,100.0
4,070b3063,overt-hen,proj_completeness,80.0
4,45a99283,overt-hen,proj_completeness,100.0
4,75dbe257,husky-blackbuck,proj_completeness,100.0
4,396fad2d,apprehensive-goose,proj_completeness,95.0
4,070b3063,steady-bison,proj_quality,80.0
4,4a6f36f6,callous-kookaburra,proj_quality,77.0
4,4d87f1c5,steady-bison,proj_quality,85.0
4,45a99283,domineering-gulls,proj_quality,90.0
4,adda47cf,callous-kookaburra,proj_quality,90.0
4,070b3063,apprehensive-goose,proj_quality,85.0
4,070b3063,callous-kookaburra,proj_quality,70.0
4,45a99283,callous-kookaburra,proj_quality,80.0
4,89ffaeb3,steady-bison,proj_quality,70.0
4,b6aa9c94,steady-bison,proj_quality,75.0
4,75dbe257,domineering-gulls,proj_quality,85.0
4,75dbe257,husky-blackbuck,proj_quality,85.0
4,f7ba1065,callous-kookaburra,proj_quality,85.0
4,45a99283,apprehensive-goose,proj_quality,95.0
4,936e3168,witty-trumpeter,proj_quality,100.0
4,070b3063,witty-trumpeter,proj_quality,85.0
4,4a6f36f6,husky-blackbuck,proj_quality,98.0
4,dcf14075,apprehensive-goose,proj_quality,75.0
4,f7ba1065,husky-blackbuck,proj_quality,90.0
4,89ffaeb3,apprehensive-goose,proj_quality,90.0
4,75dbe257,overt-hen,proj_quality,85.0
4,85eb0e18,apprehensive-goose,proj_quality,87.0
4,4d87f1c5,witty-trumpeter,proj_quality,85.0
4,070b3063,domineering-gulls,proj_quality,85.0
4,90945a45,husky-blackbuck,proj_quality,75.0
4,4d87f1c5,husky-blackbuck,proj_quality,95.0
4,45a99283,overt-hen,proj_quality,80.0
4,75dbe257,apprehensive-goose,proj_quality,85.0
4,29f423c4,domineering-gulls,proj_quality,82.0
4,070b3063,husky-blackbuck,proj_quality,90.0
4,dcf14075,callous-kookaburra,proj_quality,75.0
4,cbcff678,steady-bison,proj_quality,80.0
4,dcf14075,steady-bison,proj_quality,50.0
4,75dbe257,callous-kookaburra,proj_quality,85.0
4,90945a45,earsplitting-waterbuck,proj_quality,90.0
4,9ae522cc,witty-trumpeter,proj_quality,100.0
4,690c133a,earsplitting-waterbuck,proj_quality,90.0
4,b6aa9c94,overt-hen,proj_quality,90.0
4,936e3168,earsplitting-waterbuck,proj_quality,100.0
4,75dbe257,steady-bison,proj_quality,85.0
4,85eb0e18,witty-trumpeter,proj_quality,90.0
4,070b3063,earsplitting-waterbuck,proj_quality,70.0
4,89ffaeb3,witty-trumpeter,proj_quality,99.0
4,b6aa9c94,earsplitting-waterbuck,proj_quality,100.0
4,b6aa9c94,callous-kookaburra,proj_quality,90.0
4,070b3063,overt-hen,proj_quality,80.0
4,75dbe257,earsplitting-waterbuck,proj_quality,90.0
4,396fad2d,apprehensive-goose,proj_quality,95.0
4,75dbe257,witty-trumpeter,proj_quality,90.0
4,4d87f1c5,earsplitting-waterbuck,proj_quality,85.0
4,89ffaeb3,overt-hen,proj_quality,95.0
4,45664623,steady-bison,proj_quality,79.0
4,45a99283,apprehensive-goose,proj_completeness,100.0
4,4a6f36f6,husky-blackbuck,proj_completeness,98.0
4,75dbe257,callous-kookaburra,proj_completeness,80.0
4,4d87f1c5,earsplitting-waterbuck,proj_completeness,95.0
4,85eb0e18,apprehensive-goose,proj_completeness,95.0
4,070b3063,witty-trumpeter,proj_completeness,85.0
4,070b3063,husky-blackbuck,proj_completeness,75.0
4,dcf14075,steady-bison,proj_completeness,40.0
4,adda47cf,callous-kookaburra,proj_completeness,90.0
4,75dbe257,witty-trumpeter,proj_completeness,100.0
4,070b3063,callous-kookaburra,proj_completeness,75.0
4,cbcff678,steady-bison,proj_completeness,75.0
4,070b3063,earsplitting-waterbuck,proj_completeness,80.0
4,85eb0e18,witty-trumpeter,proj_completeness,100.0
4,070b3063,apprehensive-goose,proj_completeness,90.0
5,90945a45,resolute-kongoni,proj_completeness,95.0
5,75dbe257,ashamed-opossum,proj_completeness,100.0
5,75dbe257,forgetful-tamandua,proj_completeness,95.0
5,85eb0e18,resolute-kongoni,proj_completeness,100.0
5,90945a45,forgetful-tamandua,proj_completeness,85.0
5,070b3063,wicked-chimpanzee,proj_completeness,80.0
5,dcf14075,enthusiastic-hawk,proj_completeness,90.0
5,29f423c4,ashamed-opossum,proj_completeness,100.0
5,f7ba1065,puzzling-salmon,proj_completeness,100.0
5,396fad2d,puzzling-salmon,proj_completeness,100.0
5,b6aa9c94,resolute-kongoni,proj_completeness,99.0
5,396fad2d,wicked-chimpanzee,proj_completeness,88.0
5,4d87f1c5,resolute-kongoni,proj_completeness,95.0
5,45664623,wicked-chimpanzee,proj_quality,85.0
5,29f423c4,ashamed-opossum,proj_quality,95.0
5,29f423c4,enthusiastic-hawk,proj_quality,95.0
5,85eb0e18,different-boubou,proj_quality,95.0
5,45a99283,different-boubou,proj_quality,100.0
5,4a6f36f6,enthusiastic-hawk,proj_quality,95.0
5,070b3063,enthusiastic-hawk,proj_quality,95.0
5,89ffaeb3,puzzling-salmon,proj_quality,100.0
5,4d87f1c5,resolute-kongoni,proj_quality,90.0
5,cbcff678,ashamed-opossum,proj_quality,90.0
5,90945a45,forgetful-tamandua,proj_quality,78.0
5,070b3063,wicked-chimpanzee,proj_quality,80.0
5,690c133a,wicked-chimpanzee,proj_quality,100.0
5,45a99283,enthusiastic-hawk,proj_quality,70.0
5,dcf14075,different-boubou,proj_quality,90.0
5,75dbe257,resolute-kongoni,proj_quality,95.0
5,adda47cf,different-boubou,proj_quality,95.0
5,b6aa9c94,resolute-kongoni,proj_quality,100.0
5,f7ba1065,puzzling-salmon,proj_quality,95.0
5,75dbe257,puzzling-salmon,proj_quality,90.0
5,75dbe257,forgetful-tamandua,proj_quality,85.0
5,75dbe257,ashamed-opossum,proj_quality,95.0
5,85eb0e18,forgetful-tamandua,proj_quality,80.0
5,9ae522cc,wicked-chimpanzee,proj_quality,80.0
5,396fad2d,wicked-chimpanzee,proj_quality,91.0
5,85eb0e18,resolute-kongoni,proj_quality,95.0
5,f7ba1065,ashamed-opossum,proj_quality,100.0
5,cbcff678,wicked-chimpanzee,proj_quality,85.0
5,4d87f1c5,forgetful-tamandua,proj_quality,80.0
5,dcf14075,forgetful-tamandua,proj_quality,70.0
5,dcf14075,enthusiastic-hawk,proj_quality,80.0
5,cbcff678,puzzling-salmon,proj_quality,90.0
5,90945a45,resolute-kongoni,proj_quality,98.0
5,89ffaeb3,ashamed-opossum,proj_quality,100.0
5,4a6f36f6,different-boubou,proj_quality,98.0
5,b6aa9c94,forgetful-tamandua,proj_quality,95.0
5,936e3168,wicked-chimpanzee,proj_quality,88.0
5,75dbe257,different-boubou,proj_quality,100.0
5,396fad2d,puzzling-salmon,proj_quality,100.0
5,f7ba1065,wicked-chimpanzee,proj_quality,98.0
5,cbcff678,puzzling-salmon,proj_completeness,100.0
5,dcf14075,different-boubou,proj_completeness,100.0
5,45a99283,enthusiastic-hawk,proj_completeness,80.0
5,75dbe257,different-boubou,proj_completeness,100.0
5,936e3168,wicked-chimpanzee,proj_completeness,88.0
5,9ae522cc,wicked-chimpanzee,proj_completeness,100.0
5,070b3063,enthusiastic-hawk,proj_completeness,95.0
5,89ffaeb3,ashamed-opossum,proj_completeness,100.0
5,f7ba1065,wicked-chimpanzee,proj_completeness,90.0
5,f7ba1065,ashamed-opossum,proj_completeness,100.0
5,4a6f36f6,enthusiastic-hawk,proj_completeness,93.0
5,b6aa9c94,forgetful-tamandua,proj_completeness,95.0
5,4d87f1c5,forgetful-tamandua,proj_completeness,90.0
5,4a6f36f6,different-boubou,proj_completeness,100.0
5,cbcff678,wicked-chimpanzee,proj_completeness,90.0
5,45a99283,different-boubou,proj_completeness,100.0
5,89ffaeb3,puzzling-salmon,proj_completeness,100.0
5,cbcff678,ashamed-opossum,proj_completeness,100.0
5,45664623,wicked-chimpanzee,proj_completeness,85.0
5,85eb0e18,different-boubou,proj_completeness,95.0
5,adda47cf,different-boubou,proj_completeness,100.0
5,75dbe257,puzzling-salmon,proj_completeness,100.0
5,690c133a,wicked-chimpanzee,proj_completeness,90.0
5,dcf14075,forgetful-tamandua,proj_completeness,90.0
5,29f423c4,enthusiastic-hawk,proj_completeness,85.0
5,75dbe257,resolute-kongoni,proj_completeness,100.0
5,85eb0e18,forgetful-tamandua,proj_completeness,80.0
6,4a6f36f6,miscreant-langur,proj_quality,100.0
6,29f423c4,glorious-potoroo,proj_completeness,83.0
6,690c133a,miscreant-langur,proj_completeness,100.0
6,f7ba1065,jolly-nighthawk,proj_completeness,80.0
6,936e3168,elastic-hedgehog,proj_completeness,100.0
6,4a6f36f6,glorious-potoroo,proj_completeness,100.0
6,89ffaeb3,lush-baboon,proj_completeness,100.0
6,396fad2d,miscreant-langur,proj_completeness,100.0
6,75dbe257,jolly-nighthawk,proj_completeness,75.0
6,cbcff678,lush-baboon,proj_completeness,100.0
6,4a6f36f6,lush-baboon,proj_completeness,100.0
6,936e3168,glorious-potoroo,proj_completeness,100.0
6,4a6f36f6,miscreant-langur,proj_completeness,100.0
6,396fad2d,first-paradoxure,proj_completeness,100.0
6,690c133a,first-paradoxure,proj_completeness,100.0
6,936e3168,first-paradoxure,proj_completeness,100.0
6,75dbe257,clammy-tayra,proj_completeness,100.0
6,45664623,jolly-nighthawk,proj_completeness,85.0
6,cbcff678,elastic-hedgehog,proj_completeness,100.0
6,29f423c4,miscreant-langur,proj_completeness,100.0
6,f7ba1065,miscreant-langur,proj_completeness,100.0
6,b6aa9c94,clammy-tayra,proj_completeness,100.0
6,690c133a,lush-baboon,proj_completeness,100.0
6,75dbe257,glorious-potoroo,proj_completeness,100.0
6,dcf14075,lush-baboon,proj_completeness,100.0
6,4a6f36f6,first-paradoxure,proj_completeness,100.0
6,45a99283,elastic-hedgehog,proj_completeness,90.0
6,690c133a,elastic-hedgehog,proj_completeness,100.0
6,90945a45,elastic-hedgehog,proj_completeness,100.0
6,936e3168,miscreant-langur,proj_completeness,100.0
6,29f423c4,jolly-nighthawk,proj_completeness,72.0
6,89ffaeb3,elastic-hedgehog,proj_completeness,100.0
6,85eb0e18,clammy-tayra,proj_completeness,98.0
6,45a99283,first-paradoxure,proj_completeness,95.0
6,85eb0e18,first-paradoxure,proj_completeness,90.0
6,dcf14075,clammy-tayra,proj_completeness,100.0
6,45664623,glorious-potoroo,proj_completeness,90.0
6,89ffaeb3,clammy-tayra,proj_completeness,95.0
6,cbcff678,jolly-nighthawk,proj_completeness,70.0
6,dcf14075,miscreant-langur,proj_completeness,90.0
6,396fad2d,clammy-tayra,proj_completeness,100.0
6,b6aa9c94,first-paradoxure,proj_completeness,100.0
6,396fad2d,lush-baboon,proj_completeness,100.0
6,4d87f1c5,lush-baboon,proj_completeness,100.0
6,85eb0e18,elastic-hedgehog,proj_completeness,100.0
6,396fad2d,glorious-potoroo,proj_completeness,100.0
6,cbcff678,glorious-potoroo,proj_completeness,100.0
6,75dbe257,miscreant-langur,proj_completeness,100.0
6,f7ba1065,elastic-hedgehog,proj_completeness,100.0
6,cbcff678,miscreant-langur,proj_completeness,100.0
6,690c133a,glorious-potoroo,proj_completeness,100.0
6,90945a45,clammy-tayra,proj_completeness,100.0
6,b6aa9c94,elastic-hedgehog,proj_completeness,100.0
6,9ae522cc,clammy-tayra,proj_completeness,100.0
6,45a99283,glorious-potoroo,proj_completeness,100.0
6,75dbe257,elastic-hedgehog,proj_completeness,100.0
6,75dbe257,first-paradoxure,proj_completeness,100.0
6,75dbe257,lush-baboon,proj_completeness,100.0
6,adda47cf,first-paradoxure,proj_completeness,100.0
6,adda47cf,miscreant-langur,proj_completeness,100.0
6,936e3168,clammy-tayra,proj_completeness,95.0
6,f7ba1065,lush-baboon,proj_completeness,100.0
6,45664623,elastic-hedgehog,proj_completeness,95.0
6,f7ba1065,glorious-potoroo,proj_completeness,100.0
6,936e3168,lush-baboon,proj_completeness,100.0
6,85eb0e18,glorious-potoroo,proj_completeness,100.0
6,45a99283,lush-baboon,proj_completeness,100.0
6,90945a45,lush-baboon,proj_completeness,95.0
6,dcf14075,first-paradoxure,proj_completeness,90.0
6,dcf14075,glorious-potoroo,proj_completeness,100.0
6,9ae522cc,elastic-hedgehog,proj_completeness,100.0
6,4d87f1c5,miscreant-langur,proj_completeness,100.0
6,45664623,miscreant-langur,proj_completeness,95.0
6,29f423c4,first-paradoxure,proj_completeness,90.0
6,adda47cf,jolly-nighthawk,proj_completeness,80.0
6,75dbe257,glorious-potoroo,proj_quality,95.0
6,9ae522cc,elastic-hedgehog,proj_quality,95.0
6,f7ba1065,lush-baboon,proj_quality,100.0
6,cbcff678,jolly-nighthawk,proj_quality,80.0
6,396fad2d,lush-baboon,proj_quality,100.0
6,b6aa9c94,elastic-hedgehog,proj_quality,100.0
6,690c133a,miscreant-langur,proj_quality,100.0
6,396fad2d,first-paradoxure,proj_quality,96.0
6,936e3168,clammy-tayra,proj_quality,90.0
6,4d87f1c5,miscreant-langur,proj_quality,88.0
6,89ffaeb3,elastic-hedgehog,proj_quality,100.0
6,29f423c4,miscreant-langur,proj_quality,100.0
6,75dbe257,miscreant-langur,proj_quality,95.0
6,45664623,elastic-hedgehog,proj_quality,95.0
6,90945a45,elastic-hedgehog,proj_quality,95.0
6,cbcff678,glorious-potoroo,proj_quality,100.0
6,4a6f36f6,glorious-potoroo,proj_quality,96.0
6,cbcff678,miscreant-langur,proj_quality,80.0
6,75dbe257,first-paradoxure,proj_quality,85.0
6,cbcff678,elastic-hedgehog,proj_quality,90.0
6,936e3168,glorious-potoroo,proj_quality,100.0
6,936e3168,miscreant-langur,proj_quality,100.0
6,cbcff678,lush-baboon,proj_quality,100.0
6,45a99283,glorious-potoroo,proj_quality,100.0
6,f7ba1065,miscreant-langur,proj_quality,100.0
6,dcf14075,miscreant-langur,proj_quality,90.0
6,f7ba1065,glorious-potoroo,proj_quality,95.0
6,45664623,jolly-nighthawk,proj_quality,90.0
6,45a99283,lush-baboon,proj_quality,100.0
6,75dbe257,lush-baboon,proj_quality,90.0
6,85eb0e18,clammy-tayra,proj_quality,95.0
6,90945a45,clammy-tayra,proj_quality,90.0
6,dcf14075,first-paradoxure,proj_quality,80.0
6,f7ba1065,elastic-hedgehog,proj_quality,95.0
6,dcf14075,glorious-potoroo,proj_quality,85.0
6,29f423c4,first-paradoxure,proj_quality,78.0
6,690c133a,lush-baboon,proj_quality,100.0
6,936e3168,first-paradoxure,proj_quality,75.0
6,adda47cf,jolly-nighthawk,proj_quality,90.0
6,45664623,glorious-potoroo,proj_quality,90.0
6,396fad2d,miscreant-langur,proj_quality,100.0
6,396fad2d,clammy-tayra,proj_quality,100.0
6,936e3168,lush-baboon,proj_quality,100.0
6,75dbe257,jolly-nighthawk,proj_quality,95.0
6,45a99283,first-paradoxure,proj_quality,95.0
6,f7ba1065,jolly-nighthawk,proj_quality,100.0
6,85eb0e18,first-paradoxure,proj_quality,90.0
6,4a6f36f6,first-paradoxure,proj_quality,94.0
6,dcf14075,lush-baboon,proj_quality,85.0
6,75dbe257,clammy-tayra,proj_quality,95.0
6,29f423c4,jolly-nighthawk,proj_quality,90.0
6,90945a45,lush-baboon,proj_quality,93.0
6,690c133a,first-paradoxure,proj_quality,90.0
6,adda47cf,first-paradoxure,proj_quality,90.0
6,b6aa9c94,first-paradoxure,proj_quality,90.0
6,dcf14075,clammy-tayra,proj_quality,90.0
6,85eb0e18,elastic-hedgehog,proj_quality,100.0
6,75dbe257,elastic-hedgehog,proj_quality,100.0
6,b6aa9c94,clammy-tayra,proj_quality,85.0
6,396fad2d,glorious-potoroo,proj_quality,100.0
6,690c133a,glorious-potoroo,proj_quality,100.0
6,29f423c4,glorious-potoroo,proj_quality,85.0
6,4d87f1c5,lush-baboon,proj_quality,90.0
6,89ffaeb3,clammy-tayra,proj_quality,95.0
6,85eb0e18,glorious-potoroo,proj_quality,100.0
6,4a6f36f6,lush-baboon,proj_quality,98.0
6,adda47cf,miscreant-langur,proj_quality,100.0
6,690c133a,elastic-hedgehog,proj_quality,100.0
6,45664623,miscreant-langur,proj_quality,95.0
6,45a99283,elastic-hedgehog,proj_quality,80.0
6,936e3168,elastic-hedgehog,proj_quality,100.0
6,9ae522cc,clammy-tayra,proj_quality,90.0
6,89ffaeb3,lush-baboon,proj_quality,100.0
7,dcf14075,thin-hyena,proj_quality,75.0
7,cbcff678,vacuous-sifaka,proj_quality,90.0
7,936e3168,omniscient-tern,proj_quality,85.0
7,690c133a,tangy-paca,proj_quality,100.0
7,396fad2d,utter-ant,proj_quality,99.0
7,29f423c4,omniscient-tern,proj_quality,85.0
7,936e3168,utter-ant,proj_quality,100.0
7,4d87f1c5,shrill-corella,proj_quality,80.0
7,936e3168,shrill-corella,proj_quality,80.0
7,f7ba1065,tangy-paca,proj_quality,95.0
7,cbcff678,tangy-paca,proj_quality,75.0
7,29f423c4,utter-ant,proj_quality,90.0
7,690c133a,shrill-corella,proj_quality,100.0
7,396fad2d,tangy-paca,proj_quality,100.0
7,cbcff678,lively-urial,proj_quality,100.0
7,4d87f1c5,thin-hyena,proj_quality,70.0
7,adda47cf,vacuous-sifaka,proj_quality,100.0
7,f7ba1065,vacuous-sifaka,proj_quality,95.0
7,396fad2d,shrill-corella,proj_quality,95.0
7,b6aa9c94,utter-ant,proj_quality,100.0
7,dcf14075,lively-urial,proj_quality,60.0
7,85eb0e18,omniscient-tern,proj_quality,100.0
7,29f423c4,thin-hyena,proj_quality,70.0
7,9ae522cc,tangy-paca,proj_quality,100.0
7,89ffaeb3,utter-ant,proj_quality,100.0
7,90945a45,lively-urial,proj_quality,85.0
7,90945a45,earsplitting-glider,proj_quality,80.0
7,690c133a,omniscient-tern,proj_quality,100.0
7,29f423c4,vacuous-sifaka,proj_quality,80.0
7,4d87f1c5,utter-ant,proj_quality,95.0
7,89ffaeb3,tangy-paca,proj_quality,100.0
7,936e3168,thin-hyena,proj_quality,80.0
7,29f423c4,earsplitting-glider,proj_completeness,80.0
7,89ffaeb3,tangy-paca,proj_completeness,100.0
7,690c133a,tangy-paca,proj_completeness,100.0
7,690c133a,omniscient-tern,proj_completeness,90.0
7,936e3168,omniscient-tern,proj_completeness,90.0
7,396fad2d,shrill-corella,proj_completeness,90.0
7,cbcff678,thin-hyena,proj_completeness,100.0
7,75dbe257,vacuous-sifaka,proj_completeness,100.0
7,936e3168,shrill-corella,proj_completeness,75.0
7,85eb0e18,omniscient-tern,proj_completeness,100.0
7,90945a45,earsplitting-glider,proj_completeness,65.0
7,690c133a,shrill-corella,proj_completeness,90.0
7,b6aa9c94,thin-hyena,proj_completeness,90.0
7,f7ba1065,vacuous-sifaka,proj_completeness,95.0
7,4d87f1c5,utter-ant,proj_completeness,90.0
7,396fad2d,utter-ant,proj_completeness,95.0
7,75dbe257,earsplitting-glider,proj_completeness,75.0
7,dcf14075,omniscient-tern,proj_completeness,100.0
7,cbcff678,vacuous-sifaka,proj_completeness,100.0
7,396fad2d,tangy-paca,proj_completeness,100.0
7,29f423c4,omniscient-tern,proj_completeness,90.0
7,4d87f1c5,thin-hyena,proj_completeness,90.0
7,f7ba1065,tangy-paca,proj_completeness,100.0
7,936e3168,utter-ant,proj_completeness,95.0
7,89ffaeb3,earsplitting-glider,proj_completeness,80.0
7,cbcff678,lively-urial,proj_completeness,90.0
7,89ffaeb3,utter-ant,proj_completeness,100.0
7,adda47cf,vacuous-sifaka,proj_completeness,100.0
7,dcf14075,thin-hyena,proj_completeness,100.0
7,dcf14075,lively-urial,proj_completeness,80.0
7,29f423c4,thin-hyena,proj_completeness,80.0
7,90945a45,vacuous-sifaka,proj_completeness,100.0
7,f7ba1065,earsplitting-glider,proj_completeness,70.0
7,29f423c4,vacuous-sifaka,proj_completeness,90.0
7,396fad2d,omniscient-tern,proj_completeness,100.0
7,9ae522cc,shrill-corella,proj_completeness,85.0
7,b6aa9c94,tangy-paca,proj_completeness,100.0
7,89ffaeb3,earsplitting-glider,proj_quality,80.0
7,936e3168,lively-urial,proj_quality,90.0
7,85eb0e18,utter-ant,proj_quality,100.0
7,dcf14075,omniscient-tern,proj_quality,80.0
7,b6aa9c94,omniscient-tern,proj_quality,95.0
7,75dbe257,earsplitting-glider,proj_quality,80.0
7,29f423c4,tangy-paca,proj_quality,90.0
7,9ae522cc,shrill-corella,proj_quality,100.0
7,45664623,omniscient-tern,proj_quality,90.0
7,29f423c4,earsplitting-glider,proj_quality,70.0
7,b6aa9c94,omniscient-tern,proj_completeness,100.0
7,cbcff678,thin-hyena,proj_quality,100.0
7,cbcff678,tangy-paca,proj_completeness,100.0
7,936e3168,lively-urial,proj_completeness,100.0
7,29f423c4,tangy-paca,proj_completeness,100.0
7,85eb0e18,utter-ant,proj_completeness,89.0
7,936e3168,tangy-paca,proj_completeness,100.0
7,936e3168,thin-hyena,proj_completeness,90.0
7,45664623,omniscient-tern,proj_completeness,90.0
7,29f423c4,utter-ant,proj_completeness,90.0
7,9ae522cc,tangy-paca,proj_completeness,100.0
7,b6aa9c94,utter-ant,proj_completeness,92.766
7,4d87f1c5,shrill-corella,proj_completeness,80.0
7,90945a45,lively-urial,proj_completeness,90.0
7,396fad2d,omniscient-tern,proj_quality,100.0
7,936e3168,tangy-paca,proj_quality,90.0
7,f7ba1065,earsplitting-glider,proj_quality,95.0
7,90945a45,vacuous-sifaka,proj_quality,90.0
7,b6aa9c94,thin-hyena,proj_quality,90.0
7,75dbe257,vacuous-sifaka,proj_quality,95.0
8,396fad2d,comfortable-buffalo,proj_quality,100.0
8,f7ba1065,red-grison,proj_quality,100.0
8,45a99283,comfortable-buffalo,proj_quality,100.0
8,85eb0e18,red-grison,proj_quality,95.0
8,cbcff678,deeply-jackal,proj_quality,80.0
8,396fad2d,deeply-jackal,proj_quality,100.0
8,936e3168,violet-phascogale,proj_quality,80.0
8,936e3168,venomous-hawk,proj_quality,95.0
8,4a6f36f6,comfortable-buffalo,proj_quality,100.0
8,b6aa9c94,comfortable-buffalo,proj_quality,100.0
8,dcf14075,venomous-hawk,proj_quality,80.0
8,85eb0e18,deeply-jackal,proj_quality,90.0
8,90945a45,wacky-kudu,proj_quality,85.0
8,936e3168,red-grison,proj_quality,95.0
8,cbcff678,red-grison,proj_quality,95.0
8,adda47cf,red-grison,proj_quality,95.0
8,936e3168,comfortable-buffalo,proj_quality,100.0
8,b6aa9c94,smug-quoll,proj_quality,100.0
8,dcf14075,deeply-jackal,proj_quality,75.0
8,29f423c4,wacky-kudu,proj_quality,75.0
8,45a99283,wacky-kudu,proj_quality,75.0
8,45664623,deeply-jackal,proj_quality,90.0
8,85eb0e18,venomous-hawk,proj_quality,100.0
8,b6aa9c94,venomous-hawk,proj_quality,100.0
8,90945a45,comfortable-buffalo,proj_quality,90.0
8,b6aa9c94,wacky-kudu,proj_quality,85.0
8,29f423c4,deeply-jackal,proj_quality,95.0
8,85eb0e18,comfortable-buffalo,proj_quality,90.0
8,396fad2d,smug-quoll,proj_quality,100.0
8,29f423c4,violet-phascogale,proj_quality,90.0
8,90945a45,smug-quoll,proj_quality,100.0
8,9ae522cc,red-grison,proj_quality,100.0
8,45a99283,red-grison,proj_quality,90.0
8,29f423c4,smug-quoll,proj_quality,100.0
8,936e3168,deeply-jackal,proj_quality,100.0
8,29f423c4,comfortable-buffalo,proj_quality,90.0
8,29f423c4,red-grison,proj_quality,88.0
8,396fad2d,venomous-hawk,proj_quality,100.0
8,45664623,smug-quoll,proj_quality,90.0
8,396fad2d,violet-phascogale,proj_quality,100.0
8,f7ba1065,deeply-jackal,proj_quality,100.0
8,29f423c4,venomous-hawk,proj_quality,85.0
8,4a6f36f6,smug-quoll,proj_quality,100.0
8,adda47cf,violet-phascogale,proj_quality,75.0
8,4d87f1c5,deeply-jackal,proj_quality,88.0
8,adda47cf,smug-quoll,proj_quality,100.0
8,4a6f36f6,red-grison,proj_quality,97.0
8,690c133a,comfortable-buffalo,proj_quality,90.0
8,4d87f1c5,venomous-hawk,proj_quality,95.0
8,85eb0e18,deeply-jackal,proj_completeness,90.0
8,29f423c4,violet-phascogale,proj_completeness,100.0
8,85eb0e18,red-grison,proj_completeness,100.0
8,adda47cf,violet-phascogale,proj_completeness,100.0
8,90945a45,smug-quoll,proj_completeness,100.0
8,cbcff678,red-grison,proj_completeness,100.0
8,4d87f1c5,venomous-hawk,proj_completeness,100.0
8,f7ba1065,comfortable-buffalo,proj_completeness,100.0
8,cbcff678,deeply-jackal,proj_completeness,90.0
8,dcf14075,deeply-jackal,proj_completeness,95.0
8,cbcff678,violet-phascogale,proj_completeness,100.0
8,396fad2d,comfortable-buffalo,proj_completeness,100.0
8,45664623,violet-phascogale,proj_completeness,88.0
8,f7ba1065,deeply-jackal,proj_completeness,100.0
8,396fad2d,smug-quoll,proj_completeness,100.0
8,9ae522cc,wacky-kudu,proj_completeness,85.0
8,b6aa9c94,venomous-hawk,proj_completeness,100.0
8,690c133a,wacky-kudu,proj_completeness,90.0
8,85eb0e18,comfortable-buffalo,proj_completeness,100.0
8,85eb0e18,venomous-hawk,proj_completeness,100.0
8,adda47cf,red-grison,proj_completeness,100.0
8,396fad2d,venomous-hawk,proj_completeness,100.0
8,29f423c4,red-grison,proj_completeness,100.0
8,29f423c4,wacky-kudu,proj_completeness,80.0
8,29f423c4,deeply-jackal,proj_completeness,100.0
8,45a99283,wacky-kudu,proj_completeness,60.0
8,adda47cf,venomous-hawk,proj_completeness,100.0
8,45664623,comfortable-buffalo,proj_completeness,100.0
8,4a6f36f6,comfortable-buffalo,proj_completeness,100.0
8,45664623,deeply-jackal,proj_completeness,90.0
8,936e3168,smug-quoll,proj_completeness,100.0
8,f7ba1065,red-grison,proj_completeness,100.0
8,45a99283,venomous-hawk,proj_completeness,100.0
8,45a99283,red-grison,proj_completeness,100.0
8,45a99283,comfortable-buffalo,proj_completeness,100.0
8,396fad2d,deeply-jackal,proj_completeness,100.0
8,b6aa9c94,comfortable-buffalo,proj_completeness,100.0
8,29f423c4,comfortable-buffalo,proj_completeness,100.0
8,936e3168,red-grison,proj_completeness,100.0
8,90945a45,wacky-kudu,proj_completeness,70.0
8,4a6f36f6,red-grison,proj_completeness,100.0
8,adda47cf,smug-quoll,proj_completeness,100.0
8,b6aa9c94,wacky-kudu,proj_completeness,70.0
8,4a6f36f6,deeply-jackal,proj_completeness,100.0
8,396fad2d,wacky-kudu,proj_completeness,88.0
8,45664623,smug-quoll,proj_completeness,90.0
8,9ae522cc,red-grison,proj_completeness,100.0
8,29f423c4,smug-quoll,proj_completeness,100.0
8,4a6f36f6,smug-quoll,proj_completeness,100.0
8,90945a45,comfortable-buffalo,proj_completeness,100.0
8,936e3168,venomous-hawk,proj_completeness,100.0
8,4d87f1c5,deeply-jackal,proj_completeness,95.0
8,936e3168,comfortable-buffalo,proj_completeness,100.0
8,396fad2d,violet-phascogale,proj_completeness,100.0
8,29f423c4,venomous-hawk,proj_completeness,100.0
8,b6aa9c94,smug-quoll,proj_completeness,100.0
8,936e3168,deeply-jackal,proj_completeness,100.0
8,690c133a,comfortable-buffalo,proj_completeness,100.0
8,dcf14075,venomous-hawk,proj_completeness,95.0
8,936e3168,violet-phascogale,proj_completeness,100.0
8,9ae522cc,wacky-kudu,proj_quality,100.0
8,f7ba1065,comfortable-buffalo,proj_quality,95.0
8,396fad2d,wacky-kudu,proj_quality,92.0
8,936e3168,smug-quoll,proj_quality,100.0
8,4a6f36f6,deeply-jackal,proj_quality,98.0
8,45a99283,venomous-hawk,proj_quality,100.0
8,adda47cf,venomous-hawk,proj_quality,95.0
8,45664623,violet-phascogale,proj_quality,88.0
8,690c133a,wacky-kudu,proj_quality,100.0
8,cbcff678,violet-phascogale,proj_quality,80.0
9,936e3168,cloudy-coot,proj_completeness,95.0
9,f7ba1065,whole-potoroo,proj_completeness,90.0
9,4a6f36f6,joyous-giraffe,proj_completeness,94.0
9,9ae522cc,dull-mongoose,proj_completeness,90.0
9,85eb0e18,amazing-peccary,proj_completeness,100.0
9,cbcff678,sharp-hawk-eagle,proj_completeness,100.0
9,45a99283,sharp-hawk-eagle,proj_completeness,100.0
9,75dbe257,sharp-hawk-eagle,proj_completeness,100.0
9,85eb0e18,mushy-whale,proj_completeness,98.0
9,4d87f1c5,joyous-giraffe,proj_completeness,90.0
9,4d87f1c5,quirky-crake,proj_completeness,100.0
9,936e3168,quirky-crake,proj_completeness,100.0
9,75dbe257,cloudy-coot,proj_completeness,100.0
9,9ae522cc,amazing-peccary,proj_completeness,100.0
9,adda47cf,quirky-crake,proj_completeness,100.0
9,29f423c4,dull-mongoose,proj_completeness,100.0
9,690c133a,sharp-hawk-eagle,proj_completeness,100.0
9,29f423c4,amazing-peccary,proj_completeness,95.0
9,85eb0e18,quirky-crake,proj_completeness,100.0
9,b6aa9c94,whole-potoroo,proj_completeness,70.0
9,45664623,whole-potoroo,proj_completeness,85.0
9,45664623,mushy-whale,proj_completeness,90.0
9,396fad2d,joyous-giraffe,proj_completeness,94.0
9,4a6f36f6,mushy-whale,proj_completeness,100.0
9,29f423c4,mushy-whale,proj_completeness,100.0
9,85eb0e18,sharp-hawk-eagle,proj_completeness,100.0
9,cbcff678,joyous-giraffe,proj_completeness,90.0
9,4a6f36f6,sharp-hawk-eagle,proj_completeness,100.0
9,f7ba1065,dull-mongoose,proj_completeness,95.0
9,45a99283,cloudy-coot,proj_completeness,100.0
9,690c133a,whole-potoroo,proj_completeness,100.0
9,936e3168,mushy-whale,proj_completeness,100.0
9,f7ba1065,joyous-giraffe,proj_completeness,93.0
9,4d87f1c5,whole-potoroo,proj_completeness,89.0
9,936e3168,amazing-peccary,proj_completeness,100.0
9,b6aa9c94,quirky-crake,proj_completeness,100.0
9,29f423c4,cloudy-coot,proj_completeness,100.0
9,45a99283,amazing-peccary,proj_completeness,100.0
9,4d87f1c5,dull-mongoose,proj_completeness,89.0
9,4a6f36f6,amazing-peccary,proj_completeness,100.0
9,b6aa9c94,sharp-hawk-eagle,proj_completeness,100.0
9,45664623,amazing-peccary,proj_completeness,90.0
9,396fad2d,quirky-crake,proj_completeness,100.0
9,90945a45,cloudy-coot,proj_completeness,100.0
9,936e3168,sharp-hawk-eagle,proj_completeness,100.0
9,cbcff678,quirky-crake,proj_completeness,100.0
9,f7ba1065,mushy-whale,proj_completeness,100.0
9,75dbe257,quirky-crake,proj_completeness,100.0
9,cbcff678,dull-mongoose,proj_completeness,95.0
9,4a6f36f6,quirky-crake,proj_completeness,100.0
9,45664623,joyous-giraffe,proj_completeness,90.0
9,adda47cf,cloudy-coot,proj_completeness,100.0
9,85eb0e18,cloudy-coot,proj_completeness,100.0
9,396fad2d,whole-potoroo,proj_completeness,95.0
9,396fad2d,amazing-peccary,proj_completeness,100.0
9,cbcff678,mushy-whale,proj_completeness,100.0
9,f7ba1065,sharp-hawk-eagle,proj_completeness,100.0
9,85eb0e18,joyous-giraffe,proj_completeness,80.0
9,690c133a,mushy-whale,proj_completeness,100.0
9,29f423c4,quirky-crake,proj_completeness,90.0
9,936e3168,whole-potoroo,proj_completeness,80.0
9,b6aa9c94,dull-mongoose,proj_completeness,90.0
9,f7ba1065,quirky-crake,proj_completeness,100.0
9,396fad2d,mushy-whale,proj_completeness,100.0
9,45a99283,whole-potoroo,proj_completeness,80.0
9,b6aa9c94,mushy-whale,proj_completeness,100.0
9,690c133a,quirky-crake,proj_completeness,100.0
9,936e3168,joyous-giraffe,proj_completeness,95.0
9,29f423c4,joyous-giraffe,proj_completeness,90.0
9,45a99283,joyous-giraffe,proj_completeness,85.0
9,90945a45,sharp-hawk-eagle,proj_completeness,100.0
9,4d87f1c5,mushy-whale,proj_completeness,100.0
9,75dbe257,amazing-peccary,proj_completeness,100.0
9,90945a45,quirky-crake,proj_completeness,100.0
9,85eb0e18,whole-potoroo,proj_completeness,85.0
9,9ae522cc,mushy-whale,proj_completeness,100.0
9,29f423c4,whole-potoroo,proj_completeness,80.0
9,45a99283,mushy-whale,proj_completeness,100.0
9,f7ba1065,mushy-whale,proj_quality,99.0
9,b6aa9c94,quirky-crake,proj_quality,100.0
9,90945a45,sharp-hawk-eagle,proj_quality,100.0
9,396fad2d,joyous-giraffe,proj_quality,94.0
9,90945a45,cloudy-coot,proj_quality,80.0
9,cbcff678,dull-mongoose,proj_quality,100.0
9,936e3168,sharp-hawk-eagle,proj_quality,100.0
9,85eb0e18,mushy-whale,proj_quality,100.0
9,85eb0e18,quirky-crake,proj_quality,90.0
9,75dbe257,amazing-peccary,proj_quality,100.0
9,45664623,joyous-giraffe,proj_quality,90.0
9,45664623,amazing-peccary,proj_quality,90.0
9,9ae522cc,amazing-peccary,proj_quality,99.0
9,adda47cf,cloudy-coot,proj_quality,95.0
9,4a6f36f6,mushy-whale,proj_quality,100.0
9,29f423c4,whole-potoroo,proj_quality,90.0
9,45a99283,cloudy-coot,proj_quality,100.0
9,4d87f1c5,quirky-crake,proj_quality,95.0
9,936e3168,cloudy-coot,proj_quality,75.0
9,f7ba1065,joyous-giraffe,proj_quality,98.0
9,690c133a,quirky-crake,proj_quality,100.0
9,45a99283,whole-potoroo,proj_quality,80.0
9,cbcff678,joyous-giraffe,proj_quality,100.0
9,9ae522cc,mushy-whale,proj_quality,100.0
9,f7ba1065,dull-mongoose,proj_quality,99.0
9,45a99283,mushy-whale,proj_quality,100.0
9,4a6f36f6,sharp-hawk-eagle,proj_quality,100.0
9,85eb0e18,whole-potoroo,proj_quality,85.0
9,85eb0e18,amazing-peccary,proj_quality,100.0
9,690c133a,sharp-hawk-eagle,proj_quality,100.0
9,4d87f1c5,whole-potoroo,proj_quality,80.0
9,396fad2d,amazing-peccary,proj_quality,100.0
9,75dbe257,sharp-hawk-eagle,proj_quality,95.0
9,b6aa9c94,whole-potoroo,proj_quality,75.0
9,45664623,whole-potoroo,proj_quality,85.0
9,9ae522cc,dull-mongoose,proj_quality,100.0
9,cbcff678,mushy-whale,proj_quality,100.0
9,75dbe257,cloudy-coot,proj_quality,85.0
9,396fad2d,quirky-crake,proj_quality,100.0
9,b6aa9c94,sharp-hawk-eagle,proj_quality,100.0
9,690c133a,mushy-whale,proj_quality,100.0
9,45a99283,amazing-peccary,proj_quality,90.0
9,936e3168,whole-potoroo,proj_quality,90.0
9,85eb0e18,sharp-hawk-eagle,proj_quality,95.0
9,f7ba1065,whole-potoroo,proj_quality,90.0
9,cbcff678,quirky-crake,proj_quality,90.0
9,29f423c4,mushy-whale,proj_quality,100.0
9,29f423c4,dull-mongoose,proj_quality,90.0
9,29f423c4,sharp-hawk-eagle,proj_quality,100.0
9,936e3168,dull-mongoose,proj_quality,80.0
9,b6aa9c94,joyous-giraffe,proj_quality,80.0
9,396fad2d,mushy-whale,proj_quality,98.0
9,4d87f1c5,dull-mongoose,proj_quality,100.0
9,b6aa9c94,dull-mongoose,proj_quality,100.0
9,45a99283,joyous-giraffe,proj_quality,60.0
9,85eb0e18,cloudy-coot,proj_quality,90.0
9,f7ba1065,quirky-crake,proj_quality,95.0
9,936e3168,mushy-whale,proj_quality,100.0
9,29f423c4,cloudy-coot,proj_quality,85.0
9,b6aa9c94,mushy-whale,proj_quality,100.0
9,4a6f36f6,joyous-giraffe,proj_quality,97.0
9,75dbe257,quirky-crake,proj_quality,100.0
9,4a6f36f6,amazing-peccary,proj_quality,100.0
9,29f423c4,joyous-giraffe,proj_quality,90.0
9,45a99283,sharp-hawk-eagle,proj_quality,100.0
9,4a6f36f6,quirky-crake,proj_quality,95.0
9,29f423c4,amazing-peccary,proj_quality,90.0
9,690c133a,whole-potoroo,proj_quality,100.0
9,90945a45,quirky-crake,proj_quality,100.0
9,936e3168,amazing-peccary,proj_quality,90.0
9,45a99283,quirky-crake,proj_quality,100.0
9,936e3168,joyous-giraffe,proj_quality,100.0
9,4d87f1c5,joyous-giraffe,proj_quality,80.0
9,29f423c4,quirky-crake,proj_quality,85.0
9,45664623,mushy-whale,proj_quality,90.0
9,adda47cf,quirky-crake,proj_quality,100.0
9,cbcff678,sharp-hawk-eagle,proj_quality,100.0
9,85eb0e18,joyous-giraffe,proj_quality,70.0
9,f7ba1065,sharp-hawk-eagle,proj_quality,100.0
9,936e3168,quirky-crake,proj_quality,95.0
9,4d87f1c5,mushy-whale,proj_quality,95.0
9,396fad2d,whole-potoroo,proj_quality,96.0
9,936e3168,dull-mongoose,proj_completeness,100.0
9,45a99283,quirky-crake,proj_completeness,100.0
9,29f423c4,sharp-hawk-eagle,proj_completeness,100.0
9,b6aa9c94,joyous-giraffe,proj_completeness,80.0
10,9ae522cc,auspicious-mouse,proj_completeness,100.0
10,4a6f36f6,berserk-skimmer,proj_completeness,70.0
10,4d838f6e,berserk-skimmer,proj_completeness,50.0
10,cbcff678,satisfying-sloth,proj_completeness,83.0
10,9b34a8d3,satisfying-sloth,proj_completeness,90.0
10,50b78c66,belligerent-whale,proj_completeness,100.0
10,4d87f1c5,auspicious-mouse,proj_completeness,95.0
10,110df682,satisfying-sloth,proj_completeness,80.0
10,936e3168,mature-seal,proj_completeness,80.0
10,9b34a8d3,belligerent-whale,proj_completeness,95.0
10,4d87f1c5,rare-cottonmouth,proj_completeness,100.0
10,90945a45,berserk-skimmer,proj_completeness,50.0
10,396fad2d,auspicious-mouse,proj_completeness,99.0
10,85eb0e18,mature-seal,proj_completeness,90.0
10,45a99283,belligerent-whale,proj_completeness,100.0
10,717e2737,belligerent-whale,proj_completeness,99.0
10,dcf14075,satisfying-sloth,proj_completeness,80.0
10,198449da,mature-seal,proj_completeness,75.0
10,b6aa9c94,rare-cottonmouth,proj_completeness,100.0
10,adda47cf,berserk-skimmer,proj_completeness,75.0
10,690c133a,belligerent-whale,proj_completeness,100.0
10,4d838f6e,mature-seal,proj_completeness,100.0
10,197db2df,mature-seal,proj_completeness,100.0
10,085c56bc,mature-seal,proj_completeness,90.0
10,5178cbf5,mature-seal,proj_completeness,90.0
10,29f423c4,satisfying-sloth,proj_completeness,80.0
10,f2d70fa5,belligerent-whale,proj_completeness,95.0
10,396fad2d,rare-cottonmouth,proj_completeness,100.0
10,198449da,satisfying-sloth,proj_completeness,85.0
10,4d838f6e,belligerent-whale,proj_completeness,100.0
10,45664623,satisfying-sloth,proj_completeness,85.0
10,b6aa9c94,auspicious-mouse,proj_completeness,100.0
10,085c56bc,satisfying-sloth,proj_completeness,90.0
10,690c133a,mature-seal,proj_completeness,90.0
10,110df682,mature-seal,proj_completeness,90.0
10,45a99283,berserk-skimmer,proj_completeness,50.0
10,690c133a,auspicious-mouse,proj_completeness,100.0
10,717e2737,mature-seal,proj_completeness,85.0
10,9ae522cc,mature-seal,proj_completeness,100.0
10,9b34a8d3,mature-seal,proj_completeness,90.0
10,85eb0e18,satisfying-sloth,proj_completeness,100.0
10,197db2df,berserk-skimmer,proj_completeness,50.0
10,690c133a,rare-cottonmouth,proj_completeness,100.0
10,90945a45,mature-seal,proj_completeness,100.0
10,90945a45,belligerent-whale,proj_completeness,100.0
10,396fad2d,berserk-skimmer,proj_completeness,86.0
10,4a6f36f6,belligerent-whale,proj_completeness,94.0
10,936e3168,satisfying-sloth,proj_completeness,80.0
10,53bcb2df,satisfying-sloth,proj_completeness,80.0
10,4d87f1c5,mature-seal,proj_completeness,100.0
10,936e3168,auspicious-mouse,proj_completeness,100.0
10,45a99283,mature-seal,proj_completeness,100.0
10,5178cbf5,satisfying-sloth,proj_completeness,90.0
10,9ae522cc,rare-cottonmouth,proj_completeness,100.0
10,5178cbf5,belligerent-whale,proj_completeness,90.0
10,5178cbf5,rare-cottonmouth,proj_completeness,100.0
10,f2d70fa5,mature-seal,proj_completeness,95.0
10,29f423c4,mature-seal,proj_quality,95.0
10,717e2737,belligerent-whale,proj_quality,100.0
10,690c133a,belligerent-whale,proj_quality,90.0
10,9b34a8d3,mature-seal,proj_quality,95.0
10,110df682,mature-seal,proj_quality,90.0
10,d69e4081,belligerent-whale,proj_quality,95.0
10,4a6f36f6,berserk-skimmer,proj_quality,85.0
10,717e2737,mature-seal,proj_quality,95.0
10,085c56bc,satisfying-sloth,proj_quality,85.0
10,4d87f1c5,auspicious-mouse,proj_quality,88.0
10,90945a45,mature-seal,proj_quality,90.0
10,adda47cf,berserk-skimmer,proj_quality,90.0
10,110df682,satisfying-sloth,proj_quality,90.0
10,936e3168,berserk-skimmer,proj_quality,80.0
10,29f423c4,satisfying-sloth,proj_quality,88.0
10,53bcb2df,satisfying-sloth,proj_quality,90.0
10,197db2df,mature-seal,proj_quality,95.0
10,5178cbf5,mature-seal,proj_quality,100.0
10,b6aa9c94,rare-cottonmouth,proj_quality,90.0
10,cbcff678,berserk-skimmer,proj_quality,80.0
10,dcf14075,satisfying-sloth,proj_quality,85.0
10,9b34a8d3,satisfying-sloth,proj_quality,95.0
10,197db2df,belligerent-whale,proj_quality,100.0
10,5178cbf5,rare-cottonmouth,proj_quality,100.0
10,198449da,satisfying-sloth,proj_quality,90.0
10,4d838f6e,berserk-skimmer,proj_quality,84.0
10,936e3168,rare-cottonmouth,proj_quality,90.0
10,4a6f36f6,belligerent-whale,proj_quality,92.0
10,396fad2d,auspicious-mouse,proj_quality,99.0
10,936e3168,mature-seal,proj_quality,85.0
10,45a99283,mature-seal,proj_quality,90.0
10,45664623,rare-cottonmouth,proj_quality,90.0
10,90945a45,belligerent-whale,proj_quality,98.0
10,5178cbf5,satisfying-sloth,proj_quality,100.0
10,45a99283,belligerent-whale,proj_quality,100.0
10,45664623,satisfying-sloth,proj_quality,90.0
10,198449da,mature-seal,proj_quality,80.0
10,85eb0e18,mature-seal,proj_quality,90.0
10,4a6f36f6,mature-seal,proj_quality,85.0
10,45a99283,berserk-skimmer,proj_quality,80.0
10,29f423c4,belligerent-whale,proj_quality,85.0
10,4d838f6e,mature-seal,proj_quality,98.0
10,4d87f1c5,rare-cottonmouth,proj_quality,85.0
10,197db2df,berserk-skimmer,proj_quality,85.0
10,690c133a,rare-cottonmouth,proj_quality,100.0
10,936e3168,satisfying-sloth,proj_quality,80.0
10,4d838f6e,belligerent-whale,proj_quality,100.0
10,9ae522cc,auspicious-mouse,proj_quality,100.0
10,085c56bc,mature-seal,proj_quality,90.0
10,b6aa9c94,auspicious-mouse,proj_quality,100.0
10,396fad2d,rare-cottonmouth,proj_quality,100.0
10,cbcff678,satisfying-sloth,proj_quality,90.0
10,85eb0e18,satisfying-sloth,proj_quality,95.0
10,9b34a8d3,belligerent-whale,proj_quality,90.0
10,50b78c66,belligerent-whale,proj_quality,95.0
10,90945a45,berserk-skimmer,proj_quality,85.0
10,45664623,mature-seal,proj_quality,90.0
10,396fad2d,belligerent-whale,proj_quality,99.0
10,9ae522cc,mature-seal,proj_quality,100.0
10,5178cbf5,belligerent-whale,proj_quality,90.0
10,45664623,belligerent-whale,proj_quality,95.0
10,396fad2d,berserk-skimmer,proj_quality,86.0
10,4d87f1c5,mature-seal,proj_quality,88.0
10,690c133a,mature-seal,proj_quality,100.0
10,717e2737,satisfying-sloth,proj_quality,95.0
10,9ae522cc,rare-cottonmouth,proj_quality,100.0
10,f2d70fa5,mature-seal,proj_quality,95.0
10,936e3168,auspicious-mouse,proj_quality,90.0
10,690c133a,auspicious-mouse,proj_quality,100.0
10,29f423c4,belligerent-whale,proj_completeness,85.0
10,936e3168,berserk-skimmer,proj_completeness,80.0
10,396fad2d,belligerent-whale,proj_completeness,100.0
10,29f423c4,mature-seal,proj_completeness,85.0
10,717e2737,satisfying-sloth,proj_completeness,80.0
10,d69e4081,belligerent-whale,proj_completeness,100.0
10,936e3168,rare-cottonmouth,proj_completeness,100.0
10,4a6f36f6,mature-seal,proj_completeness,100.0
10,197db2df,belligerent-whale,proj_completeness,100.0
10,45664623,rare-cottonmouth,proj_completeness,90.0
10,45664623,belligerent-whale,proj_completeness,95.0
10,45664623,mature-seal,proj_completeness,90.0
10,cbcff678,berserk-skimmer,proj_completeness,70.0
